wave,gender,income_comparison,age,mean_effect,sd
Wave-1,Female,£0-£300→£301-£490,18.0,-0.017575474621960102,0.015918521849617128
Wave-1,Female,£0-£300→£301-£490,19.03174603174603,-0.017623321093029172,0.01594317108128478
Wave-1,Female,£0-£300→£301-£490,20.063492063492063,-0.017670334159560486,0.015966789884730645
Wave-1,Female,£0-£300→£301-£490,21.095238095238095,-0.0177164793248286,0.01598935310814832
Wave-1,Female,£0-£300→£301-£490,22.126984126984127,-0.017761722063436847,0.016010836131441764
Wave-1,Female,£0-£300→£301-£490,23.158730158730158,-0.01780602787913101,0.01603121491992522
Wave-1,Female,£0-£300→£301-£490,24.19047619047619,-0.017849362364278743,0.01605046607791058
Wave-1,Female,£0-£300→£301-£490,25.22222222222222,-0.017891691260859887,0.01606856690200061
Wave-1,Female,£0-£300→£301-£490,26.253968253968253,-0.017932980522801067,0.01608549543390268
Wave-1,Female,£0-£300→£301-£490,27.285714285714285,-0.01797319637947709,0.0161012305125745
Wave-1,Female,£0-£300→£301-£490,28.317460317460316,-0.018012305400190897,0.016115751825510775
Wave-1,Female,£0-£300→£301-£490,29.349206349206348,-0.018050274559434542,0.016129039958978304
Wave-1,Female,£0-£300→£301-£490,30.380952380952383,-0.018087071302724172,0.016141076447006162
Wave-1,Female,£0-£300→£301-£490,31.412698412698415,-0.01812266361279442,0.016151843818937875
Wave-1,Female,£0-£300→£301-£490,32.44444444444444,-0.01815702007593013,0.01616132564535352
Wave-1,Female,£0-£300→£301-£490,33.47619047619048,-0.018190109948207286,0.016169506582171953
Wave-1,Female,£0-£300→£301-£490,34.507936507936506,-0.01822190322140982,0.016176372412746335
Wave-1,Female,£0-£300→£301-£490,35.539682539682545,-0.018252370688384922,0.01618191008777045
Wave-1,Female,£0-£300→£301-£490,36.57142857142857,-0.01828148400759658,0.016186107762818522
Wave-1,Female,£0-£300→£301-£490,37.60317460317461,-0.01830921576663502,0.01618895483334754
Wave-1,Female,£0-£300→£301-£490,38.63492063492063,-0.018335539544439363,0.016190441966998505
Wave-1,Female,£0-£300→£301-£490,39.66666666666667,-0.018360429971991096,0.01619056113304153
Wave-1,Female,£0-£300→£301-£490,40.698412698412696,-0.01838386279123778,0.01618930562881912
Wave-1,Female,£0-£300→£301-£490,41.730158730158735,-0.018405814912009398,0.016186670103052463
Wave-1,Female,£0-£300→£301-£490,42.761904761904766,-0.01842626446669373,0.016182650575887005
Wave-1,Female,£0-£300→£301-£490,43.7936507936508,-0.018445190862442895,0.016177244455565863
Wave-1,Female,£0-£300→£301-£490,44.82539682539683,-0.018462574830689412,0.016170450551632753
Wave-1,Female,£0-£300→£301-£490,45.85714285714286,-0.01847839847375851,0.01616226908458001
Wave-1,Female,£0-£300→£301-£490,46.88888888888889,-0.018492645308372253,0.016152701691871777
Wave-1,Female,£0-£300→£301-£490,47.920634920634924,-0.01850530030585164,0.016141751430287704
Wave-1,Female,£0-£300→£301-£490,48.952380952380956,-0.018516349928834636,0.016129422774547937
Wave-1,Female,£0-£300→£301-£490,49.98412698412699,-0.018525782164340903,0.016115721612196546
Wave-1,Female,£0-£300→£301-£490,51.01587301587302,-0.0185335865530284,0.016100655234736812
Wave-1,Female,£0-£300→£301-£490,52.04761904761905,-0.018539754214502362,0.016084232325028612
Wave-1,Female,£0-£300→£301-£490,53.07936507936508,-0.018544277868553928,0.016066462940975124
Wave-1,Female,£0-£300→£301-£490,54.111111111111114,-0.018547151852223293,0.016047358495543278
Wave-1,Female,£0-£300→£301-£490,55.142857142857146,-0.01854837213260134,0.016026931733179494
Wave-1,Female,£0-£300→£301-£490,56.17460317460318,-0.018547936315303288,0.016005196702699658
Wave-1,Female,£0-£300→£301-£490,57.20634920634921,-0.01854584364856874,0.015982168726749423
Wave-1,Female,£0-£300→£301-£490,58.23809523809524,-0.018542095022963872,0.015957864367948122
Wave-1,Female,£0-£300→£301-£490,59.26984126984127,-0.01853669296668343,0.01593230139184634
Wave-1,Female,£0-£300→£301-£490,60.301587301587304,-0.018529641636472798,0.01590549872684399
Wave-1,Female,£0-£300→£301-£490,61.333333333333336,-0.018520946804212755,0.01587747642123159
Wave-1,Female,£0-£300→£301-£490,62.36507936507937,-0.01851061583923251,0.015848255597533244
Wave-1,Female,£0-£300→£301-£490,63.3968253968254,-0.018498657686438668,0.015817858404344475
Wave-1,Female,£0-£300→£301-£490,64.42857142857143,-0.01848508284037017,0.015786307965871944
Wave-1,Female,£0-£300→£301-£490,65.46031746031747,-0.018469903315310277,0.015753628329394878
Wave-1,Female,£0-£300→£301-£490,66.4920634920635,-0.01845313261160733,0.015719844410879473
Wave-1,Female,£0-£300→£301-£490,67.52380952380953,-0.018434785678375188,0.01568498193898738
Wave-1,Female,£0-£300→£301-£490,68.55555555555557,-0.01841487887276249,0.015649067397727697
Wave-1,Female,£0-£300→£301-£490,69.5873015873016,-0.018393429915996067,0.015612127968008054
Wave-1,Female,£0-£300→£301-£490,70.61904761904762,-0.018370457846418872,0.015574191468344824
Wave-1,Female,£0-£300→£301-£490,71.65079365079366,-0.01834598296975563,0.015535286294994394
Wave-1,Female,£0-£300→£301-£490,72.6825396825397,-0.018320026806850288,0.01549544136176731
Wave-1,Female,£0-£300→£301-£490,73.71428571428572,-0.01829261203912842,0.015454686039784568
Wave-1,Female,£0-£300→£301-£490,74.74603174603175,-0.018263762452044304,0.015413050097430507
Wave-1,Female,£0-£300→£301-£490,75.77777777777779,-0.018233502876777195,0.015370563640749506
Wave-1,Female,£0-£300→£301-£490,76.80952380952382,-0.018201859130443546,0.01532725705452458
Wave-1,Female,£0-£300→£301-£490,77.84126984126985,-0.018168857955092526,0.015283160944264412
Wave-1,Female,£0-£300→£301-£490,78.87301587301587,-0.01813452695575035,0.015238306079312362
Wave-1,Female,£0-£300→£301-£490,79.90476190476191,-0.01809889453777524,0.015192723337276016
Wave-1,Female,£0-£300→£301-£490,80.93650793650795,-0.018061989843779557,0.015146443649959825
Wave-1,Female,£0-£300→£301-£490,81.96825396825398,-0.01802384269036829,0.015099497950966066
Wave-1,Female,£0-£300→£301-£490,83.0,-0.017984483504934506,0.015051917125111317
Wave-1,Female,£0-£300→£491-£740,18.0,-0.018911592107445155,0.017024477941277927
Wave-1,Female,£0-£300→£491-£740,19.03174603174603,-0.018964198322916164,0.01705015974739333
Wave-1,Female,£0-£300→£491-£740,20.063492063492063,-0.019015922956425277,0.017074734507669234
Wave-1,Female,£0-£300→£491-£740,21.095238095238095,-0.01906672850701052,0.017098176101569676
Wave-1,Female,£0-£300→£491-£740,22.126984126984127,-0.01911657742281089,0.017120458992904646
Wave-1,Female,£0-£300→£491-£740,23.158730158730158,-0.019165432163494835,0.017141558285272127
Wave-1,Female,£0-£300→£491-£740,24.19047619047619,-0.019213255264518957,0.017161449777295355
Wave-1,Female,£0-£300→£491-£740,25.22222222222222,-0.019260009403049467,0.017180110017470357
Wave-1,Female,£0-£300→£491-£740,26.253968253968253,-0.019305657465366492,0.01719751635843531
Wave-1,Female,£0-£300→£491-£740,27.285714285714285,-0.019350162615559222,0.017213647010470227
Wave-1,Female,£0-£300→£491-£740,28.317460317460316,-0.01939348836530875,0.01722848109403351
Wave-1,Female,£0-£300→£491-£740,29.349206349206348,-0.019435598644545037,0.01724199869114031
Wave-1,Female,£0-£300→£491-£740,30.380952380952383,-0.019476457872754767,0.017254180895387255
Wave-1,Female,£0-£300→£491-£740,31.412698412698415,-0.0195160310307082,0.017265009860428438
Wave-1,Female,£0-£300→£491-£740,32.44444444444444,-0.019554283732365625,0.017274468846708677
Wave-1,Female,£0-£300→£491-£740,33.47619047619048,-0.01959118229671737,0.017282542266262527
Wave-1,Female,£0-£300→£491-£740,34.507936507936506,-0.01962669381930577,0.017289215725390602
Wave-1,Female,£0-£300→£491-£740,35.539682539682545,-0.01966078624317336,0.017294476065029186
Wave-1,Female,£0-£300→£491-£740,36.57142857142857,-0.01969342842897842,0.01729831139863443
Wave-1,Female,£0-£300→£491-£740,37.60317460317461,-0.01972459022401698,0.01730071114740893
Wave-1,Female,£0-£300→£491-£740,38.63492063492063,-0.019754242529889873,0.017301666072706036
Wave-1,Female,£0-£300→£491-£740,39.66666666666667,-0.019782357368554025,0.017301168305455902
Wave-1,Female,£0-£300→£491-£740,40.698412698412696,-0.019808907946498984,0.017299211372466945
Wave-1,Female,£0-£300→£491-£740,41.730158730158735,-0.019833868716792998,0.017295790219467155
Wave-1,Female,£0-£300→£491-£740,42.761904761904766,-0.019857215438747185,0.01729090123076146
Wave-1,Female,£0-£300→£491-£740,43.7936507936508,-0.01987892523495247,0.01728454224539392
Wave-1,Female,£0-£300→£491-£740,44.82539682539683,-0.01989897664545071,0.01727671256971711
Wave-1,Female,£0-£300→£491-£740,45.85714285714286,-0.019917349678810106,0.017267412986285292
Wave-1,Female,£0-£300→£491-£740,46.88888888888889,-0.019934025859884633,0.01725664575900307
Wave-1,Female,£0-£300→£491-£740,47.920634920634924,-0.019948988274048323,0.01724441463447672
Wave-1,Female,£0-£300→£491-£740,48.952380952380956,-0.019962221607707793,0.017230724839531638
Wave-1,Female,£0-£300→£491-£740,49.98412698412699,-0.019973712184909977,0.017215583074875872
Wave-1,Female,£0-£300→£491-£740,51.01587301587302,-0.019983447999877297,0.017198997504906655
Wave-1,Female,£0-£300→£491-£740,52.04761904761905,-0.01999141874531884,0.017180977743674032
Wave-1,Female,£0-£300→£491-£740,53.07936507936508,-0.01999761583638368,0.01716153483703319
Wave-1,Female,£0-£300→£491-£740,54.111111111111114,-0.020002032430141547,0.01714068124103435
Wave-1,Female,£0-£300→£491-£740,55.142857142857146,-0.020004663440495677,0.017118430796616967
Wave-1,Female,£0-£300→£491-£740,56.17460317460318,-0.020005505548454226,0.01709479870069217
Wave-1,Female,£0-£300→£491-£740,57.20634920634921,-0.020004557207708044,0.017069801473715035
Wave-1,Female,£0-£300→£491-£740,58.23809523809524,-0.020001818645485777,0.017043456923865323
Wave-1,Female,£0-£300→£491-£740,59.26984126984127,-0.01999729185868047,0.017015784107972387
Wave-1,Female,£0-£300→£491-£740,60.301587301587304,-0.01999098060526564,0.016986803289336386
Wave-1,Female,£0-£300→£491-£740,61.333333333333336,-0.01998289039104305,0.01695653589261411
Wave-1,Female,£0-£300→£491-£740,62.36507936507937,-0.019973028451788367,0.016925004455953036
Wave-1,Female,£0-£300→£491-£740,63.3968253968254,-0.019961403730884928,0.01689223258057197
Wave-1,Female,£0-£300→£491-£740,64.42857142857143,-0.01994802685255928,0.01685824487800022
Wave-1,Female,£0-£300→£491-£740,65.46031746031747,-0.019932910090855037,0.01682306691519998
Wave-1,Female,£0-£300→£491-£740,66.4920634920635,-0.019916067334503355,0.01678672515780759
Wave-1,Female,£0-£300→£491-£740,67.52380952380953,-0.019897514047869293,0.01674924691173946
Wave-1,Female,£0-£300→£491-£740,68.55555555555557,-0.019877267228172436,0.016710660263416163
Wave-1,Female,£0-£300→£491-£740,69.5873015873016,-0.019855345359198005,0.016670994018864727
Wave-1,Female,£0-£300→£491-£740,70.61904761904762,-0.019831768361730843,0.0166302776419632
Wave-1,Female,£0-£300→£491-£740,71.65079365079366,-0.019806557540958256,0.01658854119209377
Wave-1,Female,£0-£300→£491-£740,72.6825396825397,-0.019779735531100216,0.016545815261470517
Wave-1,Female,£0-£300→£491-£740,73.71428571428572,-0.019751326237534693,0.016502130912405513
Wave-1,Female,£0-£300→£491-£740,74.74603174603175,-0.01972135477669386,0.01645751961477242
Wave-1,Female,£0-£300→£491-£740,75.77777777777779,-0.019689847414011842,0.01641201318391967
Wave-1,Female,£0-£300→£491-£740,76.80952380952382,-0.019656831500208114,0.016365643719276353
Wave-1,Female,£0-£300→£491-£740,77.84126984126985,-0.01962233540619085,0.01631844354388298
Wave-1,Female,£0-£300→£491-£740,78.87301587301587,-0.019586388456863866,0.016270445145066172
Wave-1,Female,£0-£300→£491-£740,79.90476190476191,-0.019549020864116615,0.01622168111646208
Wave-1,Female,£0-£300→£491-£740,80.93650793650795,-0.01951026365927202,0.016172184101577183
Wave-1,Female,£0-£300→£491-£740,81.96825396825398,-0.01947014862525905,0.016121986739058364
Wave-1,Female,£0-£300→£491-£740,83.0,-0.019428708228768663,0.016071121609826114
Wave-1,Female,"£0-£300→£741-£1,111",18.0,-0.02478670056044796,0.021763627870185154
Wave-1,Female,"£0-£300→£741-£1,111",19.03174603174603,-0.024862814407855593,0.021798579471442505
Wave-1,Female,"£0-£300→£741-£1,111",20.063492063492063,-0.02493790312265485,0.021832184111412824
Wave-1,Female,"£0-£300→£741-£1,111",21.095238095238095,-0.02501191544658386,0.02186440900843495
Wave-1,Female,"£0-£300→£741-£1,111",22.126984126984127,-0.02508479984932815,0.021895222023820805
Wave-1,Female,"£0-£300→£741-£1,111",23.158730158730158,-0.025156504608824036,0.021924591725510645
Wave-1,Female,"£0-£300→£741-£1,111",24.19047619047619,-0.025226977894498886,0.021952487451656157
Wave-1,Female,"£0-£300→£741-£1,111",25.22222222222222,-0.02529616785325378,0.021978879373945954
Wave-1,Female,"£0-£300→£741-£1,111",26.253968253968253,-0.025364022697975934,0.02200373856048376
Wave-1,Female,"£0-£300→£741-£1,111",27.285714285714285,-0.02543049079834956,0.022027037038026186
Wave-1,Female,"£0-£300→£741-£1,111",28.317460317460316,-0.02549552077371661,0.0220487478533836
Wave-1,Female,"£0-£300→£741-£1,111",29.349206349206348,-0.025559061587722053,0.022068845133784938
Wave-1,Female,"£0-£300→£741-£1,111",30.380952380952383,-0.025621062644462244,0.022087304146005297
Wave-1,Female,"£0-£300→£741-£1,111",31.412698412698415,-0.025681473885840442,0.022104101354053527
Wave-1,Female,"£0-£300→£741-£1,111",32.44444444444444,-0.025740245889819546,0.022119214475216285
Wave-1,Female,"£0-£300→£741-£1,111",33.47619047619048,-0.025797329969249976,0.022132622534254933
Wave-1,Female,"£0-£300→£741-£1,111",34.507936507936506,-0.0258526782709393,0.022144305915552498
Wave-1,Female,"£0-£300→£741-£1,111",35.539682539682545,-0.025906243874620965,0.022154246413009508
Wave-1,Female,"£0-£300→£741-£1,111",36.57142857142857,-0.025957980891471152,0.02216242727749028
Wave-1,Female,"£0-£300→£741-£1,111",37.60317460317461,-0.026007844561816634,0.022168833261624846
Wave-1,Female,"£0-£300→£741-£1,111",38.63492063492063,-0.026055791351671787,0.022173450661776596
Wave-1,Female,"£0-£300→£741-£1,111",39.66666666666667,-0.02610177904774002,0.022176267356991575
Wave-1,Female,"£0-£300→£741-£1,111",40.698412698412696,-0.02614576685051396,0.02217727284475259
Wave-1,Female,"£0-£300→£741-£1,111",41.730158730158735,-0.0261877154651094,0.022176458273369552
Wave-1,Female,"£0-£300→£741-£1,111",42.761904761904766,-0.026227587189471158,0.022173816470847034
Wave-1,Female,"£0-£300→£741-£1,111",43.7936507936508,-0.026265345999593435,0.02216934197008077
Wave-1,Female,"£0-£300→£741-£1,111",44.82539682539683,-0.026300957631404463,0.02216303103024666
Wave-1,Female,"£0-£300→£741-£1,111",45.85714285714286,-0.026334389658973677,0.022154881654258888
Wave-1,Female,"£0-£300→£741-£1,111",46.88888888888889,-0.02636561156871111,0.022144893602187854
Wave-1,Female,"£0-£300→£741-£1,111",47.920634920634924,-0.026394594829241134,0.022133068400543514
Wave-1,Female,"£0-£300→£741-£1,111",48.952380952380956,-0.026421312956648322,0.022119409347345877
Wave-1,Female,"£0-£300→£741-£1,111",49.98412698412699,-0.026445741574809938,0.022103921512921006
Wave-1,Female,"£0-£300→£741-£1,111",51.01587301587302,-0.026467858470548982,0.022086611736378447
Wave-1,Female,"£0-£300→£741-£1,111",52.04761904761905,-0.02648764364336284,0.02206748861774404
Wave-1,Female,"£0-£300→£741-£1,111",53.07936507936508,-0.026505079349505644,0.022046562505740816
Wave-1,Female,"£0-£300→£741-£1,111",54.111111111111114,-0.026520150140227402,0.022023845481229622
Wave-1,Female,"£0-£300→£741-£1,111",55.142857142857146,-0.026532842893999573,0.021999351336340654
Wave-1,Female,"£0-£300→£741-£1,111",56.17460317460318,-0.026543146842585016,0.021973095549346632
Wave-1,Female,"£0-£300→£741-£1,111",57.20634920634921,-0.02655105359083971,0.021945095255348133
Wave-1,Female,"£0-£300→£741-£1,111",58.23809523809524,-0.0265565571301646,0.021915369212861496
Wave-1,Female,"£0-£300→£741-£1,111",59.26984126984127,-0.026559653845557557,0.02188393776641932
Wave-1,Female,"£0-£300→£741-£1,111",60.301587301587304,-0.02656034251624801,0.021850822805313218
Wave-1,Female,"£0-£300→£741-£1,111",61.333333333333336,-0.026558624309929692,0.02181604771862752
Wave-1,Female,"£0-£300→£741-£1,111",62.36507936507937,-0.026554502770640066,0.02177963734673155
Wave-1,Female,"£0-£300→£741-£1,111",63.3968253968254,-0.026547983800367974,0.021741617929415803
Wave-1,Female,"£0-£300→£741-£1,111",64.42857142857143,-0.02653907563450341,0.021702017050874916
Wave-1,Female,"£0-£300→£741-£1,111",65.46031746031747,-0.02652778881127515,0.021660863581756302
Wave-1,Female,"£0-£300→£741-£1,111",66.4920634920635,-0.026514136135352445,0.021618187618508266
Wave-1,Female,"£0-£300→£741-£1,111",67.52380952380953,-0.026498132635816213,0.021574020420275196
Wave-1,Female,"£0-£300→£741-£1,111",68.55555555555557,-0.026479795518732637,0.02152839434359917
Wave-1,Female,"£0-£300→£741-£1,111",69.5873015873016,-0.02645914411458755,0.021481342775197608
Wave-1,Female,"£0-£300→£741-£1,111",70.61904761904762,-0.026436199820863246,0.021432900063094746
Wave-1,Female,"£0-£300→£741-£1,111",71.65079365079366,-0.026410986040060223,0.021383101446390773
Wave-1,Female,"£0-£300→£741-£1,111",72.6825396825397,-0.02638352811348472,0.02133198298395651
Wave-1,Female,"£0-£300→£741-£1,111",73.71428571428572,-0.026353853251138162,0.021279581482342713
Wave-1,Female,"£0-£300→£741-£1,111",74.74603174603175,-0.02632199045805749,0.021225934423192785
Wave-1,Female,"£0-£300→£741-£1,111",75.77777777777779,-0.026287970457465126,0.021171079890444127
Wave-1,Female,"£0-£300→£741-£1,111",76.80952380952382,-0.02625182561109403,0.02111505649759836
Wave-1,Female,"£0-£300→£741-£1,111",77.84126984126985,-0.02621358983705752,0.021057903315332697
Wave-1,Female,"£0-£300→£741-£1,111",78.87301587301587,-0.026173298525634506,0.020999659799715593
Wave-1,Female,"£0-£300→£741-£1,111",79.90476190476191,-0.02613098845333942,0.020940365721277873
Wave-1,Female,"£0-£300→£741-£1,111",80.93650793650795,-0.026086697695642008,0.02088006109517774
Wave-1,Female,"£0-£300→£741-£1,111",81.96825396825398,-0.02604046553869562,0.020818786112683365
Wave-1,Female,"£0-£300→£741-£1,111",83.0,-0.025992332390423912,0.02075658107418095
Wave-1,Female,"£0-£300→£1,112+",18.0,-0.03301062146522132,0.028103270945985685
Wave-1,Female,"£0-£300→£1,112+",19.03174603174603,-0.03312226578885326,0.02814714632741845
Wave-1,Female,"£0-£300→£1,112+",20.063492063492063,-0.033232689844041256,0.028189344878561097
Wave-1,Female,"£0-£300→£1,112+",21.095238095238095,-0.03334182243288158,0.02822982752214714
Wave-1,Female,"£0-£300→£1,112+",22.126984126984127,-0.0334495917869203,0.02826855600696363
Wave-1,Female,"£0-£300→£1,112+",23.158730158730158,-0.033555925672958835,0.028305492975942342
Wave-1,Female,"£0-£300→£1,112+",24.19047619047619,-0.0336607515031809,0.02834060203358264
Wave-1,Female,"£0-£300→£1,112+",25.22222222222222,-0.03376399644936118,0.028373847812542853
Wave-1,Female,"£0-£300→£1,112+",26.253968253968253,-0.03386558756089067,0.028405196039240164
Wave-1,Female,"£0-£300→£1,112+",27.285714285714285,-0.03396545188632839,0.028434613598302107
Wave-1,Female,"£0-£300→£1,112+",28.317460317460316,-0.03406351659816539,0.028462068595716164
Wave-1,Female,"£0-£300→£1,112+",29.349206349206348,-0.034159709120462595,0.028487530420527138
Wave-1,Female,"£0-£300→£1,112+",30.380952380952383,-0.034253957259003084,0.028510969804935067
Wave-1,Female,"£0-£300→£1,112+",31.412698412698415,-0.034346189333576756,0.028532358882649482
Wave-1,Female,"£0-£300→£1,112+",32.44444444444444,-0.03443633431199657,0.028551671245358422
Wave-1,Female,"£0-£300→£1,112+",33.47619047619048,-0.034524321945427115,0.028568881997173463
Wave-1,Female,"£0-£300→£1,112+",34.507936507936506,-0.03461008290458938,0.028583967806914044
Wave-1,Female,"£0-£300→£1,112+",35.539682539682545,-0.03469354891639143,0.028596906958096954
Wave-1,Female,"£0-£300→£1,112+",36.57142857142857,-0.034774652900521646,0.028607679396498546
Wave-1,Female,"£0-£300→£1,112+",37.60317460317461,-0.034853329105530524,0.028616266775159487
Wave-1,Female,"£0-£300→£1,112+",38.63492063492063,-0.034929513243919075,0.02862265249670366
Wave-1,Female,"£0-£300→£1,112+",39.66666666666667,-0.0350031426257449,0.02862682175284483
Wave-1,Female,"£0-£300→£1,112+",40.698412698412696,-0.035074156290254344,0.02862876156095679
Wave-1,Female,"£0-£300→£1,112+",41.730158730158735,-0.03514249513504691,0.02862846079758489
Wave-1,Female,"£0-£300→£1,112+",42.761904761904766,-0.03520810204228009,0.028625910228779434
Wave-1,Female,"£0-£300→£1,112+",43.7936507936508,-0.0352709220014263,0.028621102537134274
Wave-1,Female,"£0-£300→£1,112+",44.82539682539683,-0.035330902228100515,0.02861403234541704
Wave-1,Female,"£0-£300→£1,112+",45.85714285714286,-0.035387992278485894,0.028604696236681285
Wave-1,Female,"£0-£300→£1,112+",46.88888888888889,-0.0354421441588975,0.02859309277075502
Wave-1,Female,"£0-£300→£1,112+",47.920634920634924,-0.03549331243003813,0.028579222497005036
Wave-1,Female,"£0-£300→£1,112+",48.952380952380956,-0.035541454305518465,0.028563087963281913
Wave-1,Female,"£0-£300→£1,112+",49.98412698412699,-0.03558652974423346,0.028544693720957113
Wave-1,Female,"£0-£300→£1,112+",51.01587301587302,-0.03562850153621016,0.028524046325970647
Wave-1,Female,"£0-£300→£1,112+",52.04761904761905,-0.03566733538156761,0.028501154335816202
Wave-1,Female,"£0-£300→£1,112+",53.07936507936508,-0.035702999962257634,0.02847602830239975
Wave-1,Female,"£0-£300→£1,112+",54.111111111111114,-0.03573546700628597,0.028448680760718142
Wave-1,Female,"£0-£300→£1,112+",55.142857142857146,-0.035764711344146195,0.028419126213315913
Wave-1,Female,"£0-£300→£1,112+",56.17460317460318,-0.035790710957233955,0.02838738111049153
Wave-1,Female,"£0-£300→£1,112+",57.20634920634921,-0.03581344701804628,0.02835346382623861
Wave-1,Female,"£0-£300→£1,112+",58.23809523809524,-0.03583290392200922,0.028317394629923786
Wave-1,Female,"£0-£300→£1,112+",59.26984126984127,-0.03584906931081812,0.02827919565371967
Wave-1,Female,"£0-£300→£1,112+",60.301587301587304,-0.03586193408721545,0.02823889085583072
Wave-1,Female,"£0-£300→£1,112+",61.333333333333336,-0.03587149242117421,0.028196505979569218
Wave-1,Female,"£0-£300→£1,112+",62.36507936507937,-0.03587774174749776,0.02815206850836012
Wave-1,Female,"£0-£300→£1,112+",63.3968253968254,-0.035880682754889405,0.028105607616775777
Wave-1,Female,"£0-£300→£1,112+",64.42857142857143,-0.03588031936658893,0.02805715411772424
Wave-1,Female,"£0-£300→£1,112+",65.46031746031747,-0.03587665871271453,0.02800674040593867
Wave-1,Female,"£0-£300→£1,112+",66.4920634920635,-0.03586971109449055,0.02795440039793858
Wave-1,Female,"£0-£300→£1,112+",67.52380952380953,-0.03585948994058076,0.027900169468657206
Wave-1,Female,"£0-£300→£1,112+",68.55555555555557,-0.03584601175578527,0.02784408438495176
Wave-1,Female,"£0-£300→£1,112+",69.5873015873016,-0.03582929606239503,0.02778618323623489
Wave-1,Female,"£0-£300→£1,112+",70.61904761904762,-0.03580936533453112,0.0277265053624856
Wave-1,Female,"£0-£300→£1,112+",71.65079365079366,-0.03578624492582703,0.027665091279915892
Wave-1,Female,"£0-£300→£1,112+",72.6825396825397,-0.03575996299083948,0.02760198260458521
Wave-1,Female,"£0-£300→£1,112+",73.71428571428572,-0.03573055040059796,0.027537221974267487
Wave-1,Female,"£0-£300→£1,112+",74.74603174603175,-0.03569804065272391,0.0274708529688861
Wave-1,Female,"£0-£300→£1,112+",75.77777777777779,-0.03566246977656808,0.027402920029838528
Wave-1,Female,"£0-£300→£1,112+",76.80952380952382,-0.03562387623382831,0.027333468378536598
Wave-1,Female,"£0-£300→£1,112+",77.84126984126985,-0.03558230081512008,0.027262543934488216
Wave-1,Female,"£0-£300→£1,112+",78.87301587301587,-0.035537786532978864,0.027190193233243766
Wave-1,Female,"£0-£300→£1,112+",79.90476190476191,-0.03549037851177599,0.02711646334452419
Wave-1,Female,"£0-£300→£1,112+",80.93650793650795,-0.03544012387502969,0.02704140179083866
Wave-1,Female,"£0-£300→£1,112+",81.96825396825398,-0.03538707163058878,0.02696505646688796
Wave-1,Female,"£0-£300→£1,112+",83.0,-0.03533127255415995,0.026887475560035463
Wave-1,Male,£0-£300→£301-£490,18.0,0.09694515751300241,0.026637624363073466
Wave-1,Male,£0-£300→£301-£490,19.03174603174603,0.09742894605953777,0.02665378345550754
Wave-1,Male,£0-£300→£301-£490,20.063492063492063,0.09788209684685759,0.026663983838537412
Wave-1,Male,£0-£300→£301-£490,21.095238095238095,0.09830368893963412,0.026668111707701697
Wave-1,Male,£0-£300→£301-£490,22.126984126984127,0.09869284950862323,0.026666059891390766
Wave-1,Male,£0-£300→£301-£490,23.158730158730158,0.09904875817376309,0.026657729127610386
Wave-1,Male,£0-£300→£301-£490,24.19047619047619,0.09937065119133227,0.02664302936518557
Wave-1,Male,£0-£300→£301-£490,25.22222222222222,0.09965782544520753,0.02662188106476226
Wave-1,Male,£0-£300→£301-£490,26.253968253968253,0.09990964220270072,0.026594216473704718
Wave-1,Male,£0-£300→£301-£490,27.285714285714285,0.10012553059649702,0.026559980848394584
Wave-1,Male,£0-£300→£301-£490,28.317460317460316,0.100304990795881,0.026519133597544597
Wave-1,Male,£0-£300→£301-£490,29.349206349206348,0.10044759683272327,0.02647164932096046
Wave-1,Male,£0-£300→£301-£490,30.380952380952383,0.10055299905060085,0.02641751871971521
Wave-1,Male,£0-£300→£301-£490,31.412698412698415,0.10062092614891112,0.026356749355920975
Wave-1,Male,£0-£300→£301-£490,32.44444444444444,0.10065118679787241,0.0262893662431545
Wave-1,Male,£0-£300→£301-£490,33.47619047619048,0.10064367080483137,0.0262154122520578
Wave-1,Male,£0-£300→£301-£490,34.507936507936506,0.10059834981724206,0.026134948319614673
Wave-1,Male,£0-£300→£301-£490,35.539682539682545,0.10051527755296576,0.026048053454997798
Wave-1,Male,£0-£300→£301-£490,36.57142857142857,0.10039458955406363,0.025954824539567697
Wave-1,Male,£0-£300→£301-£490,37.60317460317461,0.10023650246591026,0.025855375923442357
Wave-1,Male,£0-£300→£301-£490,38.63492063492063,0.10004131284913317,0.02574983882588569
Wave-1,Male,£0-£300→£301-£490,39.66666666666667,0.09980939553745967,0.025638360551414604
Wave-1,Male,£0-£300→£301-£490,40.698412698412696,0.0995412015599137,0.025521103537824625
Wave-1,Male,£0-£300→£301-£490,41.730158730158735,0.09923725565083287,0.025398244256115053
Wave-1,Male,£0-£300→£301-£490,42.761904761904766,0.09889815337576593,0.025269971985404222
Wave-1,Male,£0-£300→£301-£490,43.7936507936508,0.09852455790536405,0.025136487488237564
Wave-1,Male,£0-£300→£301-£490,44.82539682539683,0.09811719647281779,0.024998001613115262
Wave-1,Male,£0-£300→£301-£490,45.85714285714286,0.09767685655314978,0.024854733851554234
Wave-1,Male,£0-£300→£301-£490,46.88888888888889,0.09720438180470926,0.024706910876550865
Wave-1,Male,£0-£300→£301-£490,47.920634920634924,0.09670066781450778,0.02455476508797448
Wave-1,Male,£0-£300→£301-£490,48.952380952380956,0.09616665768958643,0.024398533188292344
Wave-1,Male,£0-£300→£301-£490,49.98412698412699,0.09560333753643607,0.02423845480923983
Wave-1,Male,£0-£300→£301-£490,51.01587301587302,0.09501173186964697,0.024074771206771307
Wave-1,Male,£0-£300→£301-£490,52.04761904761905,0.09439289898950397,0.023907724038043747
Wave-1,Male,£0-£300→£301-£490,53.07936507936508,0.09374792636624073,0.023737554230488372
Wave-1,Male,£0-£300→£301-£490,54.111111111111114,0.09307792606621007,0.02356450094940077
Wave-1,Male,£0-£300→£301-£490,55.142857142857146,0.09238403025240692,0.023388800667092667
Wave-1,Male,£0-£300→£301-£490,56.17460317460318,0.09166738678869231,0.02321068633363521
Wave-1,Male,£0-£300→£301-£490,57.20634920634921,0.09092915497380201,0.023030386646683675
Wave-1,Male,£0-£300→£301-£490,58.23809523809524,0.0901705014278718,0.022848125415867192
Wave-1,Male,£0-£300→£301-£490,59.26984126984127,0.08939259615085215,0.022664121015773517
Wave-1,Male,£0-£300→£301-£490,60.301587301587304,0.08859660876888799,0.022478585920640906
Wave-1,Male,£0-£300→£301-£490,61.333333333333336,0.08778370498156315,0.022291726313439543
Wave-1,Male,£0-£300→£301-£490,62.36507936507937,0.08695504321990108,0.022103741762011443
Wave-1,Male,£0-£300→£301-£490,63.3968253968254,0.08611177152220763,0.021914824955255985
Wave-1,Male,£0-£300→£301-£490,64.42857142857143,0.0852550246322622,0.02172516149290586
Wave-1,Male,£0-£300→£301-£490,65.46031746031747,0.0843859213220234,0.021534929723145503
Wave-1,Male,£0-£300→£301-£490,66.4920634920635,0.08350556193892084,0.021344300623099336
Wave-1,Male,£0-£300→£301-£490,67.52380952380953,0.0826150261759519,0.021153437717990185
Wave-1,Male,£0-£300→£301-£490,68.55555555555557,0.08171537106118519,0.020962497035485073
Wave-1,Male,£0-£300→£301-£490,69.5873015873016,0.08080762916187881,0.020771627092367365
Wave-1,Male,£0-£300→£301-£490,70.61904761904762,0.07989280699723693,0.02058096891117831
Wave-1,Male,£0-£300→£301-£490,71.65079365079366,0.07897188365283792,0.02039065606484848
Wave-1,Male,£0-£300→£301-£490,72.6825396825397,0.07804580958895335,0.020200814747592596
Wave-1,Male,£0-£300→£301-£490,73.71428571428572,0.07711550563432493,0.020011563870482512
Wave-1,Male,£0-£300→£301-£490,74.74603174603175,0.07618186215645921,0.019823015180158818
Wave-1,Male,£0-£300→£301-£490,75.77777777777779,0.0752457383991231,0.019635273399114493
Wave-1,Male,£0-£300→£301-£490,76.80952380952382,0.07430796197746292,0.019448436385905092
Wave-1,Male,£0-£300→£301-£490,77.84126984126985,0.07336932852101377,0.019262595313532048
Wave-1,Male,£0-£300→£301-£490,78.87301587301587,0.07243060145480164,0.019077834864127702
Wave-1,Male,£0-£300→£301-£490,79.90476190476191,0.07149251190875892,0.018894233437959734
Wave-1,Male,£0-£300→£301-£490,80.93650793650795,0.07055575874576343,0.018711863374681642
Wave-1,Male,£0-£300→£301-£490,81.96825396825398,0.06962100869876321,0.018530791184694622
Wave-1,Male,£0-£300→£301-£490,83.0,0.06868889660765844,0.018351077788460547
Wave-1,Male,£0-£300→£491-£740,18.0,0.10463833865586677,0.027454575225838194
Wave-1,Male,£0-£300→£491-£740,19.03174603174603,0.10513525755644651,0.027454587945285658
Wave-1,Male,£0-£300→£491-£740,20.063492063492063,0.10559876368144813,0.027448651812980774
Wave-1,Male,£0-£300→£491-£740,21.095238095238095,0.10602790482374663,0.027436673076980677
Wave-1,Male,£0-£300→£491-£740,22.126984126984127,0.10642178264288774,0.027418564735895302
Wave-1,Male,£0-£300→£491-£740,23.158730158730158,0.1067795571741538,0.027394247805276696
Wave-1,Male,£0-£300→£491-£740,24.19047619047619,0.10710045114960857,0.027363652605453696
Wave-1,Male,£0-£300→£491-£740,25.22222222222222,0.10738375408948025,0.02732672004599477
Wave-1,Male,£0-£300→£491-£740,26.253968253968253,0.10762882612302752,0.02728340288067014
Wave-1,Male,£0-£300→£491-£740,27.285714285714285,0.10783510149945494,0.027233666906074382
Wave-1,Male,£0-£300→£491-£740,28.317460317460316,0.10800209175151014,0.02717749207701556
Wave-1,Male,£0-£300→£491-£740,29.349206349206348,0.10812938847710754,0.027114873512422175
Wave-1,Male,£0-£300→£491-£740,30.380952380952383,0.1082166657076603,0.027045822366897954
Wave-1,Male,£0-£300→£491-£740,31.412698412698415,0.10826368183573194,0.026970366545183394
Wave-1,Male,£0-£300→£491-£740,32.44444444444444,0.10827028107909314,0.026888551239655542
Wave-1,Male,£0-£300→£491-£740,33.47619047619048,0.10823639446321798,0.026800439274578265
Wave-1,Male,£0-£300→£491-£740,34.507936507936506,0.10816204030960067,0.026706111245035965
Wave-1,Male,£0-£300→£491-£740,35.539682539682545,0.10804732422291997,0.026605665443238218
Wave-1,Male,£0-£300→£491-£740,36.57142857142857,0.10789243857592015,0.026499217570029987
Wave-1,Male,£0-£300→£491-£740,37.60317460317461,0.10769766149679841,0.026386900234807133
Wave-1,Male,£0-£300→£491-£740,38.63492063492063,0.10746335536976935,0.026268862252419194
Wave-1,Male,£0-£300→£491-£740,39.66666666666667,0.10718996486519373,0.02614526775082508
Wave-1,Male,£0-£300→£491-£740,40.698412698412696,0.10687801452109393,0.02601629510803325
Wave-1,Male,£0-£300→£491-£740,41.730158730158735,0.10652810590291527,0.025882135740997615
Wave-1,Male,£0-£300→£491-£740,42.761904761904766,0.10614091437292854,0.025742992772471374
Wave-1,Male,£0-£300→£491-£740,43.7936507936508,0.1057171855046129,0.025599079604197564
Wave-1,Male,£0-£300→£491-£740,44.82539682539683,0.10525773118063672,0.02545061842614071
Wave-1,Male,£0-£300→£491-£740,45.85714285714286,0.10476342541560987,0.025297838691698625
Wave-1,Male,£0-£300→£491-£740,46.88888888888889,0.10423519994658358,0.02514097558799439
Wave-1,Male,£0-£300→£491-£740,47.920634920634924,0.10367403963530779,0.024980268528514014
Wave-1,Male,£0-£300→£491-£740,48.952380952380956,0.10308097772653406,0.024815959692653454
Wave-1,Male,£0-£300→£491-£740,49.98412698412699,0.10245709100620226,0.024648292633343467
Wave-1,Male,£0-£300→£491-£740,51.01587301587302,0.10180349490222611,0.02447751097003643
Wave-1,Male,£0-£300→£491-£740,52.04761904761905,0.1011213385688584,0.024303857180185986
Wave-1,Male,£0-£300→£491-£740,53.07936507936508,0.10041179999335544,0.024127571498150657
Wave-1,Male,£0-£300→£491-£740,54.111111111111114,0.09967608116095972,0.02394889092641429
Wave-1,Male,£0-£300→£491-£740,55.142857142857146,0.09891540331117495,0.023768048360319576
Wave-1,Male,£0-£300→£491-£740,56.17460317460318,0.09813100231501624,0.023585271824300227
Wave-1,Male,£0-£300→£491-£740,57.20634920634921,0.0973241241994719,0.023400783814970808
Wave-1,Male,£0-£300→£491-£740,58.23809523809524,0.09649602084190174,0.023214800744443903
Wave-1,Male,£0-£300→£491-£740,59.26984126984127,0.09564794585359904,0.023027532475898158
Wave-1,Male,£0-£300→£491-£740,60.301587301587304,0.09478115066832658,0.022839181942684538
Wave-1,Male,£0-£300→£491-£740,61.333333333333336,0.09389688084836095,0.022649944842064344
Wave-1,Male,£0-£300→£491-£740,62.36507936507937,0.09299637261748692,0.022460009394930168
Wave-1,Male,£0-£300→£491-£740,63.3968253968254,0.0920808496275084,0.02226955616346596
Wave-1,Male,£0-£300→£491-£740,64.42857142857143,0.09115151996220665,0.0220787579195444
Wave-1,Male,£0-£300→£491-£740,65.46031746031747,0.09020957338029101,0.021887779557635836
Wave-1,Male,£0-£300→£491-£740,66.4920634920635,0.08925617879675801,0.02169677804701772
Wave-1,Male,£0-£300→£491-£740,67.52380952380953,0.08829248200019421,0.02150590241905041
Wave-1,Male,£0-£300→£491-£740,68.55555555555557,0.08731960360192266,0.02131529378616417
Wave-1,Male,£0-£300→£491-£740,69.5873015873016,0.08633863721148449,0.02112508538994312
Wave-1,Male,£0-£300→£491-£740,70.61904761904762,0.08535064783175667,0.020935402676273127
Wave-1,Male,£0-£300→£491-£740,71.65079365079366,0.08435667046601213,0.020746363395936104
Wave-1,Male,£0-£300→£491-£740,72.6825396825397,0.08335770892841762,0.020558077729290355
Wave-1,Male,£0-£300→£491-£740,73.71428571428572,0.08235473484881656,0.020370648433793118
Wave-1,Male,£0-£300→£491-£740,74.74603174603175,0.08134868686214772,0.020184171013121314
Wave-1,Male,£0-£300→£491-£740,75.77777777777779,0.08034046997248437,0.019998733906557434
Wave-1,Male,£0-£300→£491-£740,76.80952380952382,0.0793309550814357,0.019814418697157866
Wave-1,Male,£0-£300→£491-£740,77.84126984126985,0.07832097867051269,0.019631300337038735
Wave-1,Male,£0-£300→£491-£740,78.87301587301587,0.07731134262701878,0.01944944738792347
Wave-1,Male,£0-£300→£491-£740,79.90476190476191,0.07630281420306613,0.01926892227491803
Wave-1,Male,£0-£300→£491-£740,80.93650793650795,0.07529612609743257,0.01908978155132976
Wave-1,Male,£0-£300→£491-£740,81.96825396825398,0.07429197665015454,0.018912076172236524
Wave-1,Male,£0-£300→£491-£740,83.0,0.07329103013998679,0.018735851774450845
Wave-1,Male,"£0-£300→£741-£1,111",18.0,0.13804335401772913,0.03238158197839423
Wave-1,Male,"£0-£300→£741-£1,111",19.03174603174603,0.1385532332036478,0.03233314020442785
Wave-1,Male,"£0-£300→£741-£1,111",20.063492063492063,0.13901772422462785,0.03227909280756986
Wave-1,Male,"£0-£300→£741-£1,111",21.095238095238095,0.13943582549075964,0.03221939891590312
Wave-1,Male,"£0-£300→£741-£1,111",22.126984126984127,0.13980661356396987,0.03215402044689462
Wave-1,Male,"£0-£300→£741-£1,111",23.158730158730158,0.14012924791970688,0.03208292324502004
Wave-1,Male,"£0-£300→£741-£1,111",24.19047619047619,0.1404029753932058,0.03200607827663971
Wave-1,Male,"£0-£300→£741-£1,111",25.22222222222222,0.14062713426650442,0.03192346285910986
Wave-1,Male,"£0-£300→£741-£1,111",26.253968253968253,0.14080115795442116,0.031835061899266145
Wave-1,Male,"£0-£300→£741-£1,111",27.285714285714285,0.14092457825042096,0.03174086911507584
Wave-1,Male,"£0-£300→£741-£1,111",28.317460317460316,0.14099702809667053,0.03164088821349824
Wave-1,Male,"£0-£300→£741-£1,111",29.349206349206348,0.14101824384660672,0.03153513399748819
Wave-1,Male,"£0-£300→£741-£1,111",30.380952380952383,0.1409880669929634,0.03142363337568515
Wave-1,Male,"£0-£300→£741-£1,111",31.412698412698415,0.14090644533938426,0.03130642624969106
Wave-1,Male,"£0-£300→£741-£1,111",32.44444444444444,0.1407734335994016,0.031183566255974668
Wave-1,Male,"£0-£300→£741-£1,111",33.47619047619048,0.14058919341261727,0.031055121342338145
Wave-1,Male,"£0-£300→£741-£1,111",34.507936507936506,0.14035399277426244,0.030921174162500918
Wave-1,Male,"£0-£300→£741-£1,111",35.539682539682545,0.140068204880837,0.03078182227661757
Wave-1,Male,"£0-£300→£741-£1,111",36.57142857142857,0.13973230640110648,0.03063717815033337
Wave-1,Male,"£0-£300→£741-£1,111",37.60317460317461,0.1393468751882371,0.03048736895014019
Wave-1,Male,"£0-£300→£741-£1,111",38.63492063492063,0.13891258745514362,0.03033253613814258
Wave-1,Male,"£0-£300→£741-£1,111",39.66666666666667,0.13843021444108278,0.03017283487466964
Wave-1,Male,"£0-£300→£741-£1,111",40.698412698412696,0.13790061860302177,0.03000843324225087
Wave-1,Male,"£0-£300→£741-£1,111",41.730158730158735,0.1373247493702279,0.029839511309090343
Wave-1,Male,"£0-£300→£741-£1,111",42.761904761904766,0.13670363850477357,0.02966626005411377
Wave-1,Male,"£0-£300→£741-£1,111",43.7936507936508,0.13603839511413895,0.029488880178746252
Wave-1,Male,"£0-£300→£741-£1,111",44.82539682539683,0.13533020036476825,0.029307580832666612
Wave-1,Male,"£0-£300→£741-£1,111",45.85714285714286,0.134580301947261,0.02912257828179171
Wave-1,Male,"£0-£300→£741-£1,111",46.88888888888889,0.1337900083448384,0.028934094546648588
Wave-1,Male,"£0-£300→£741-£1,111",47.920634920634924,0.13296068295683586,0.028742356038134933
Wave-1,Male,"£0-£300→£741-£1,111",48.952380952380956,0.1320937381282705,0.02854759221555299
Wave-1,Male,"£0-£300→£741-£1,111",49.98412698412699,0.1311906291350712,0.028350034288887032
Wave-1,Male,"£0-£300→£741-£1,111",51.01587301587302,0.13025284817242155,0.028149913983781014
Wave-1,Male,"£0-£300→£741-£1,111",52.04761904761905,0.1292819183909354,0.02794746238378754
Wave-1,Male,"£0-£300→£741-£1,111",53.07936507936508,0.12827938802216843,0.02774290886043778
Wave-1,Male,"£0-£300→£741-£1,111",54.111111111111114,0.12724682463137008,0.027536480097750633
Wave-1,Male,"£0-£300→£741-£1,111",55.142857142857146,0.12618580953150757,0.027328399214158812
Wave-1,Male,"£0-£300→£741-£1,111",56.17460317460318,0.12509793238855485,0.027118884981641382
Wave-1,Male,"£0-£300→£741-£1,111",57.20634920634921,0.12398478604393011,0.02690815113923129
Wave-1,Male,"£0-£300→£741-£1,111",58.23809523809524,0.12284796157587863,0.026696405796075368
Wave-1,Male,"£0-£300→£741-£1,111",59.26984126984127,0.12168904361760916,0.026483850917875945
Wave-1,Male,"£0-£300→£741-£1,111",60.301587301587304,0.12050960594616783,0.02627068188980472
Wave-1,Male,"£0-£300→£741-£1,111",61.333333333333336,0.11931120735242409,0.026057087148781292
Wave-1,Male,"£0-£300→£741-£1,111",62.36507936507937,0.11809538779918735,0.02584324787825438
Wave-1,Male,"£0-£300→£741-£1,111",63.3968253968254,0.11686366487139503,0.025629337759202144
Wave-1,Male,"£0-£300→£741-£1,111",64.42857142857143,0.11561753051952754,0.02541552277186326
Wave-1,Male,"£0-£300→£741-£1,111",65.46031746031747,0.11435844809491649,0.025201961043611925
Wave-1,Male,"£0-£300→£741-£1,111",66.4920634920635,0.11308784967341629,0.024988802739300778
Wave-1,Male,"£0-£300→£741-£1,111",67.52380952380953,0.11180713366199635,0.02477618999123529
Wave-1,Male,"£0-£300→£741-£1,111",68.55555555555557,0.11051766268116617,0.0245642568666541
Wave-1,Male,"£0-£300→£741-£1,111",69.5873015873016,0.10922076171475177,0.02435312937113388
Wave-1,Male,"£0-£300→£741-£1,111",70.61904761904762,0.1079177165173817,0.024142925486699225
Wave-1,Male,"£0-£300→£741-£1,111",71.65079365079366,0.10660977226909192,0.023933755243597858
Wave-1,Male,"£0-£300→£741-£1,111",72.6825396825397,0.10529813246570455,0.02372572082471593
Wave-1,Male,"£0-£300→£741-£1,111",73.71428571428572,0.10398395803305616,0.0235189167014823
Wave-1,Male,"£0-£300→£741-£1,111",74.74603174603175,0.10266836665272842,0.02331342979987848
Wave-1,Male,"£0-£300→£741-£1,111",75.77777777777779,0.10135243228665441,0.023109339694866747
Wave-1,Male,"£0-£300→£741-£1,111",76.80952380952382,0.10003718488781851,0.022906718831209382
Wave-1,Male,"£0-£300→£741-£1,111",77.84126984126985,0.09872361028422602,0.0227056327683091
Wave-1,Male,"£0-£300→£741-£1,111",78.87301587301587,0.0974126502233779,0.022506140446383428
Wave-1,Male,"£0-£300→£741-£1,111",79.90476190476191,0.0961052025646315,0.022308294471016194
Wave-1,Male,"£0-£300→£741-£1,111",80.93650793650795,0.09480212160705404,0.022112141412924606
Wave-1,Male,"£0-£300→£741-£1,111",81.96825396825398,0.09350421854066628,0.02191772211965019
Wave-1,Male,"£0-£300→£741-£1,111",83.0,0.09221226200932663,0.021725072035831346
Wave-1,Male,"£0-£300→£1,112+",18.0,0.18314147438779466,0.03091694684727344
Wave-1,Male,"£0-£300→£1,112+",19.03174603174603,0.18357660018933467,0.030837966958756746
Wave-1,Male,"£0-£300→£1,112+",20.063492063492063,0.18395045431621554,0.030757586003081684
Wave-1,Male,"£0-£300→£1,112+",21.095238095238095,0.18426213794706575,0.03067571489133621
Wave-1,Male,"£0-£300→£1,112+",22.126984126984127,0.18451086160058477,0.030592253265346425
Wave-1,Male,"£0-£300→£1,112+",23.158730158730158,0.18469594940427767,0.030507091575939848
Wave-1,Male,"£0-£300→£1,112+",24.19047619047619,0.18481684289027778,0.030420113321065888
Wave-1,Male,"£0-£300→£1,112+",25.22222222222222,0.1848731042794024,0.03033119740154049
Wave-1,Male,"£0-£300→£1,112+",26.253968253968253,0.18486441921821078,0.03024022054897214
Wave-1,Male,"£0-£300→£1,112+",27.285714285714285,0.18479059893805796,0.030147059778231542
Wave-1,Male,"£0-£300→£1,112+",28.317460317460316,0.18465158180992758,0.0300515948157724
Wave-1,Male,"£0-£300→£1,112+",29.349206349206348,0.18444743427413893,0.02995371045530199
Wave-1,Male,"£0-£300→£1,112+",30.380952380952383,0.18417835112978515,0.029853298793810573
Wave-1,Male,"£0-£300→£1,112+",31.412698412698415,0.18384465517490345,0.02975026130382912
Wave-1,Male,"£0-£300→£1,112+",32.44444444444444,0.1834467961948012,0.029644510701972836
Wave-1,Male,"£0-£300→£1,112+",33.47619047619048,0.18298534930256885,0.02953597257926091
Wave-1,Male,"£0-£300→£1,112+",34.507936507936506,0.18246101264248007,0.029424586765233032
Wave-1,Male,"£0-£300→£1,112+",35.539682539682545,0.18187460447359685,0.029310308405300408
Wave-1,Male,"£0-£300→£1,112+",36.57142857142857,0.1812270596573371,0.02919310873880597
Wave-1,Male,"£0-£300→£1,112+",37.60317460317461,0.18051942557890113,0.02907297557361373
Wave-1,Male,"£0-£300→£1,112+",38.63492063492063,0.1797528575381768,0.028949913461360794
Wave-1,Male,"£0-£300→£1,112+",39.66666666666667,0.17892861365093818,0.028823943585440073
Wave-1,Male,"£0-£300→£1,112+",40.698412698412696,0.17804804930572773,0.028695103381003676
Wave-1,Male,"£0-£300→£1,112+",41.730158730158735,0.17711261122567562,0.02856344591248834
Wave-1,Male,"£0-£300→£1,112+",42.761904761904766,0.17612383118761013,0.028429039039123433
Wave-1,Male,"£0-£300→£1,112+",43.7936507936508,0.17508331945309027,0.028291964402418577
Wave-1,Male,"£0-£300→£1,112+",44.82539682539683,0.17399275796743144,0.028152316271654428
Wave-1,Male,"£0-£300→£1,112+",45.85714285714286,0.17285389338338997,0.02801020028391604
Wave-1,Male,"£0-£300→£1,112+",46.88888888888889,0.17166852996593357,0.02786573211429879
Wave-1,Male,"£0-£300→£1,112+",47.920634920634924,0.17043852243350113,0.027719036109743318
Wave-1,Male,"£0-£300→£1,112+",48.952380952380956,0.16916576878938674,0.027570243916742645
Wave-1,Male,"£0-£300→£1,112+",49.98412698412699,0.16785220319445274,0.027419493129179753
Wave-1,Male,"£0-£300→£1,112+",51.01587301587302,0.16649978892936163,0.027266925978088486
Wave-1,Male,"£0-£300→£1,112+",52.04761904761905,0.16511051149101086,0.027112688080476708
Wave-1,Male,"£0-£300→£1,112+",53.07936507936508,0.16368637186396284,0.02695692725978055
Wave-1,Male,"£0-£300→£1,112+",54.111111111111114,0.16222938000347994,0.026799792446267783
Wave-1,Male,"£0-£300→£1,112+",55.142857142857146,0.16074154856241238,0.026641432661960878
Wave-1,Male,"£0-£300→£1,112+",56.17460317460318,0.1592248868897314,0.026481996091532792
Wave-1,Male,"£0-£300→£1,112+",57.20634920634921,0.157681395324055,0.026321629238205767
Wave-1,Male,"£0-£300→£1,112+",58.23809523809524,0.15611305980114668,0.026160476161962633
Wave-1,Male,"£0-£300→£1,112+",59.26984126984127,0.15452184679015926,0.02599867779631722
Wave-1,Male,"£0-£300→£1,112+",60.301587301587304,0.15290969856939673,0.02583637133940233
Wave-1,Male,"£0-£300→£1,112+",61.333333333333336,0.15127852884862483,0.025673689715108448
Wave-1,Male,"£0-£300→£1,112+",62.36507936507937,0.14963021874150728,0.025510761100318663
Wave-1,Male,"£0-£300→£1,112+",63.3968253968254,0.1479666130885996,0.02534770851480769
Wave-1,Male,"£0-£300→£1,112+",64.42857142857143,0.14628951712850718,0.02518464947098631
Wave-1,Male,"£0-£300→£1,112+",65.46031746031747,0.14460069351230959,0.025021695681275213
Wave-1,Male,"£0-£300→£1,112+",66.4920634920635,0.1429018596541616,0.024858952821403952
Wave-1,Male,"£0-£300→£1,112+",67.52380952380953,0.14119468540909422,0.0246965203482966
Wave-1,Male,"£0-£300→£1,112+",68.55555555555557,0.13948079106743702,0.02453449137139521
Wave-1,Male,"£0-£300→£1,112+",69.5873015873016,0.13776174565394925,0.024372952576277383
Wave-1,Male,"£0-£300→£1,112+",70.61904761904762,0.1360390655186605,0.02421198419925694
Wave-1,Male,"£0-£300→£1,112+",71.65079365079366,0.13431421320556336,0.024051660051342478
Wave-1,Male,"£0-£300→£1,112+",72.6825396825397,0.13258859658464542,0.02389204758950441
Wave-1,Male,"£0-£300→£1,112+",73.71428571428572,0.1308635682322804,0.023733208032707093
Wave-1,Male,"£0-£300→£1,112+",74.74603174603175,0.12914042504469966,0.023575196519642586
Wave-1,Male,"£0-£300→£1,112+",75.77777777777779,0.12742040806911092,0.023418062304595772
Wave-1,Male,"£0-£300→£1,112+",76.80952380952382,0.12570470253701627,0.023261848987412303
Wave-1,Male,"£0-£300→£1,112+",77.84126984126985,0.12399443808437784,0.023106594773159548
Wave-1,Male,"£0-£300→£1,112+",78.87301587301587,0.122290689143485,0.022952332756787187
Wave-1,Male,"£0-£300→£1,112+",79.90476190476191,0.12059447549166909,0.022799091227920676
Wave-1,Male,"£0-£300→£1,112+",80.93650793650795,0.11890676294238481,0.022646893990862654
Wave-1,Male,"£0-£300→£1,112+",81.96825396825398,0.11722846416461664,0.022495760694933403
Wave-1,Male,"£0-£300→£1,112+",83.0,0.11556043961706568,0.022345707170443315
Wave-6,Female,£0-£300→£301-£490,20.0,0.03676096827763305,0.015168949828258275
Wave-6,Female,£0-£300→£301-£490,21.015873015873016,0.036766003403787634,0.015166199752666877
Wave-6,Female,£0-£300→£301-£490,22.03174603174603,0.03676970473744133,0.015162988774852839
Wave-6,Female,£0-£300→£301-£490,23.047619047619047,0.03677207465437088,0.015159318602497987
Wave-6,Female,£0-£300→£301-£490,24.063492063492063,0.036773116161001505,0.01515519134085451
Wave-6,Female,£0-£300→£301-£490,25.07936507936508,0.03677283289189909,0.015150609499506779
Wave-6,Female,£0-£300→£301-£490,26.095238095238095,0.03677122910615469,0.015145575998222914
Wave-6,Female,£0-£300→£301-£490,27.11111111111111,0.036768309682648756,0.01514009417179733
Wave-6,Female,£0-£300→£301-£490,28.126984126984127,0.036764080114185874,0.015134167773789066
Wave-6,Female,£0-£300→£301-£490,29.142857142857142,0.0367585465004962,0.01512780097906577
Wave-6,Female,£0-£300→£301-£490,30.158730158730158,0.036751715540103494,0.015120998385069582
Wave-6,Female,£0-£300→£301-£490,31.174603174603174,0.036743594521065064,0.015113765011729122
Wave-6,Female,£0-£300→£301-£490,32.19047619047619,0.036734191310593786,0.015106106299950777
Wave-6,Female,£0-£300→£301-£490,33.2063492063492,0.03672351434357737,0.015098028108632934
Wave-6,Female,£0-£300→£301-£490,34.22222222222222,0.036711572610015224,0.015089536710158037
Wave-6,Female,£0-£300→£301-£490,35.23809523809524,0.03669837564139861,0.015080638784329676
Wave-6,Female,£0-£300→£301-£490,36.25396825396825,0.036683933496064594,0.015071341410734672
Wave-6,Female,£0-£300→£301-£490,37.269841269841265,0.0366682567435597,0.015061652059523657
Wave-6,Female,£0-£300→£301-£490,38.285714285714285,0.03665135644805379,0.015051578580617187
Wave-6,Female,£0-£300→£301-£490,39.301587301587304,0.036633244150849634,0.015041129191358133
Wave-6,Female,£0-£300→£301-£490,40.317460317460316,0.036613931852037936,0.01503031246264468
Wave-6,Female,£0-£300→£301-£490,41.33333333333333,0.03659343199135186,0.015019137303591362
Wave-6,Female,£0-£300→£301-£490,42.34920634920635,0.03657175742827913,0.01500761294477812
Wave-6,Female,£0-£300→£301-£490,43.36507936507937,0.03654892142149295,0.014995748920159197
Wave-6,Female,£0-£300→£301-£490,44.38095238095238,0.036524937607666445,0.014983555047714507
Wave-6,Female,£0-£300→£301-£490,45.39682539682539,0.036499819979737884,0.014971041408935935
Wave-6,Female,£0-£300→£301-£490,46.41269841269841,0.03647358286469632,0.014958218327249544
Wave-6,Female,£0-£300→£301-£490,47.42857142857143,0.03644624090095884,0.014945096345482052
Wave-6,Female,£0-£300→£301-£490,48.44444444444444,0.036417809015412514,0.014931686202485804
Wave-6,Female,£0-£300→£301-£490,49.460317460317455,0.03638830240019435,0.014917998809041154
Wave-6,Female,£0-£300→£301-£490,50.476190476190474,0.036357736489283726,0.014904045223158299
Wave-6,Female,£0-£300→£301-£490,51.492063492063494,0.036326126934981225,0.014889836624902566
Wave-6,Female,£0-£300→£301-£490,52.507936507936506,0.03629348958434777,0.014875384290867657
Wave-6,Female,£0-£300→£301-£490,53.52380952380952,0.03625984045567683,0.014860699568420824
Wave-6,Female,£0-£300→£301-£490,54.53968253968254,0.03622519571507152,0.014845793849842115
Wave-6,Female,£0-£300→£301-£490,55.55555555555556,0.036189571653196764,0.014830678546477074
Wave-6,Female,£0-£300→£301-£490,56.57142857142857,0.03615298466227471,0.014815365063018726
Wave-6,Female,£0-£300→£301-£490,57.58730158730158,0.0361154512133895,0.01479986477203008
Wave-6,Female,£0-£300→£301-£490,58.6031746031746,0.03607698783416501,0.014784188988813465
Wave-6,Female,£0-£300→£301-£490,59.61904761904762,0.03603761108687652,0.014768348946727369
Wave-6,Female,£0-£300→£301-£490,60.63492063492063,0.0359973375470543,0.014752355773045532
Wave-6,Female,£0-£300→£301-£490,61.650793650793645,0.03595618378263396,0.014736220465446771
Wave-6,Female,£0-£300→£301-£490,62.666666666666664,0.03591416633370551,0.014719953869217772
Wave-6,Female,£0-£300→£301-£490,63.682539682539684,0.035871301692909224,0.014703566655244478
Wave-6,Female,£0-£300→£301-£490,64.6984126984127,0.035827606286523546,0.014687069298861525
Wave-6,Female,£0-£300→£301-£490,65.71428571428571,0.03578309645628613,0.014670472059622724
Wave-6,Female,£0-£300→£301-£490,66.73015873015873,0.03573778844198614,0.014653784962049627
Wave-6,Female,£0-£300→£301-£490,67.74603174603175,0.03569169836486199,0.014637017777409207
Wave-6,Female,£0-£300→£301-£490,68.76190476190476,0.035644842211835,0.014620180006566131
Wave-6,Female,£0-£300→£301-£490,69.77777777777777,0.03559723582060617,0.01460328086394964
Wave-6,Female,£0-£300→£301-£490,70.79365079365078,0.03554889486563939,0.014586329262670061
Wave-6,Female,£0-£300→£301-£490,71.80952380952381,0.03549983484505073,0.014569333800814968
Wave-6,Female,£0-£300→£301-£490,72.82539682539682,0.03545007106842019,0.014552302748950662
Wave-6,Female,£0-£300→£301-£490,73.84126984126983,0.0353996186455383,0.014535244038849994
Wave-6,Female,£0-£300→£301-£490,74.85714285714286,0.03534849247609688,0.014518165253463715
Wave-6,Female,£0-£300→£301-£490,75.87301587301587,0.03529670724032941,0.01450107361814834
Wave-6,Female,£0-£300→£301-£490,76.88888888888889,0.03524427739060332,0.014483975993159799
Wave-6,Female,£0-£300→£301-£490,77.9047619047619,0.0351912171439628,0.014466878867418353
Wave-6,Female,£0-£300→£301-£490,78.92063492063491,0.03513754047561785,0.014449788353546673
Wave-6,Female,£0-£300→£301-£490,79.93650793650794,0.03508326111337159,0.01443271018417918
Wave-6,Female,£0-£300→£301-£490,80.95238095238095,0.03502839253297478,0.014415649709537333
Wave-6,Female,£0-£300→£301-£490,81.96825396825396,0.0349729479543937,0.014398611896261617
Wave-6,Female,£0-£300→£301-£490,82.98412698412699,0.034916940338973974,0.014381601327487488
Wave-6,Female,£0-£300→£301-£490,84.0,0.03486038238748021,0.014364622204148516
Wave-6,Female,£0-£300→£491-£740,20.0,0.04172538062710924,0.016506630820365173
Wave-6,Female,£0-£300→£491-£740,21.015873015873016,0.041728328064525554,0.016503429392963807
Wave-6,Female,£0-£300→£491-£740,22.03174603174603,0.04172976871960721,0.016499741790462364
Wave-6,Female,£0-£300→£491-£740,23.047619047619047,0.041729706509947645,0.016495569623995215
Wave-6,Female,£0-£300→£491-£740,24.063492063492063,0.04172814607470814,0.016490914980968746
Wave-6,Female,£0-£300→£491-£740,25.07936507936508,0.041725092769968976,0.016485780432842066
Wave-6,Female,£0-£300→£491-£740,26.095238095238095,0.04172055266279449,0.016480169041694005
Wave-6,Female,£0-£300→£491-£740,27.11111111111111,0.04171453252400485,0.01647408436547102
Wave-6,Female,£0-£300→£491-£740,28.126984126984127,0.041707039819651924,0.016467530461816267
Wave-6,Female,£0-£300→£491-£740,29.142857142857142,0.041698082701202524,0.016460511890386977
Wave-6,Female,£0-£300→£491-£740,30.158730158730158,0.0416876699944368,0.016453033713576055
Wave-6,Female,£0-£300→£491-£740,31.174603174603174,0.04167581118707577,0.016445101495563403
Wave-6,Female,£0-£300→£491-£740,32.19047619047619,0.04166251641515698,0.01643672129963381
Wave-6,Female,£0-£300→£491-£740,33.2063492063492,0.041647796448183234,0.016427899683710376
Wave-6,Female,£0-£300→£491-£740,34.22222222222222,0.04163166267307501,0.01641864369406581
Wave-6,Female,£0-£300→£491-£740,35.23809523809524,0.04161412707696234,0.01640896085718779
Wave-6,Female,£0-£300→£491-£740,36.25396825396825,0.041595202228858,0.016398859169789275
Wave-6,Female,£0-£300→£491-£740,37.269841269841265,0.041574901260258604,0.01638834708696946
Wave-6,Female,£0-£300→£491-£740,38.285714285714285,0.04155323784472581,0.016377433508546323
Wave-6,Female,£0-£300→£491-£740,39.301587301587304,0.041530226176504155,0.01636612776359641
Wave-6,Female,£0-£300→£491-£740,40.317460317460316,0.041505880948237234,0.016354439593252425
Wave-6,Female,£0-£300→£491-£740,41.33333333333333,0.04148021732784742,0.016342379131823112
Wave-6,Female,£0-£300→£491-£740,42.34920634920635,0.04145325093464875,0.016329956886313293
Wave-6,Female,£0-£300→£491-£740,43.36507936507937,0.04142499781476565,0.016317183714434528
Wave-6,Female,£0-£300→£491-£740,44.38095238095238,0.041395474415933185,0.01630407080120795
Wave-6,Female,£0-£300→£491-£740,45.39682539682539,0.041364697561757056,0.016290629634271213
Wave-6,Female,£0-£300→£491-£740,46.41269841269841,0.041332684425513466,0.01627687197801003
Wave-6,Female,£0-£300→£491-£740,47.42857142857143,0.04129945250357064,0.016262809846642388
Wave-6,Female,£0-£300→£491-£740,48.44444444444444,0.04126501958851459,0.016248455476389204
Wave-6,Female,£0-£300→£491-£740,49.460317460317455,0.04122940374206237,0.016233821296869764
Wave-6,Female,£0-£300→£491-£740,50.476190476190474,0.041192623267846076,0.016218919901863225
Wave-6,Female,£0-£300→£491-£740,51.492063492063494,0.04115469668415045,0.016203764019578848
Wave-6,Female,£0-£300→£491-£740,52.507936507936506,0.041115642696685994,0.016188366482578022
Wave-6,Female,£0-£300→£491-£740,53.52380952380952,0.041075480171478315,0.016172740197489748
Wave-6,Female,£0-£300→£491-£740,54.53968253968254,0.041034228107952785,0.01615689811465922
Wave-6,Female,£0-£300→£491-£740,55.55555555555556,0.04099190561229129,0.016140853197865495
Wave-6,Female,£0-£300→£491-£740,56.57142857142857,0.040948531871136,0.016124618394240266
Wave-6,Female,£0-£300→£491-£740,57.58730158730158,0.0409041261257118,0.016108206604514348
Wave-6,Female,£0-£300→£491-£740,58.6031746031746,0.04085870764643674,0.016091630653713083
Wave-6,Female,£0-£300→£491-£740,59.61904761904762,0.04081229570808618,0.016074903262415192
Wave-6,Female,£0-£300→£491-£740,60.63492063492063,0.04076490956557336,0.01605803701868345
Wave-6,Female,£0-£300→£491-£740,61.650793650793645,0.04071656843040543,0.016041044350768124
Wave-6,Female,£0-£300→£491-£740,62.666666666666664,0.04066729144787037,0.016023937500677363
Wave-6,Female,£0-£300→£491-£740,63.682539682539684,0.0406170976750066,0.016006728498701564
Wave-6,Female,£0-£300→£491-£740,64.6984126984127,0.04056600605940298,0.015989429138971396
Wave-6,Female,£0-£300→£491-£740,65.71428571428571,0.04051403541887343,0.01597205095612246
Wave-6,Female,£0-£300→£491-£740,66.73015873015873,0.04046120442204606,0.015954605203132525
Wave-6,Female,£0-£300→£491-£740,67.74603174603175,0.04040753156990293,0.015937102830390692
Wave-6,Female,£0-£300→£491-£740,68.76190476190476,0.04035303517830275,0.015919554466051533
Wave-6,Female,£0-£300→£491-£740,69.77777777777777,0.04029773336151439,0.015901970397720903
Wave-6,Female,£0-£300→£491-£740,70.79365079365078,0.04024164401678568,0.01588436055551444
Wave-6,Female,£0-£300→£491-£740,71.80952380952381,0.04018478480996762,0.015866734496524017
Wave-6,Female,£0-£300→£491-£740,72.82539682539682,0.040127173162210344,0.01584910139072197
Wave-6,Female,£0-£300→£491-£740,73.84126984126983,0.04006882623774325,0.015831470008327762
Wave-6,Female,£0-£300→£491-£740,74.85714285714286,0.04000976093274802,0.015813848708656746
Wave-6,Female,£0-£300→£491-£740,75.87301587301587,0.03994999386532905,0.015796245430465615
Wave-6,Female,£0-£300→£491-£740,76.88888888888889,0.03988954136658257,0.015778667683804593
Wave-6,Female,£0-£300→£491-£740,77.9047619047619,0.03982841947276139,0.015761122543381433
Wave-6,Female,£0-£300→£491-£740,78.92063492063491,0.03976664391852908,0.015743616643437777
Wave-6,Female,£0-£300→£491-£740,79.93650793650794,0.0397042301312934,0.01572615617413358
Wave-6,Female,£0-£300→£491-£740,80.95238095238095,0.039641193226605476,0.015708746879430677
Wave-6,Female,£0-£300→£491-£740,81.96825396825396,0.03957754800460744,0.015691394056461683
Wave-6,Female,£0-£300→£491-£740,82.98412698412699,0.039513308947508236,0.015674102556365536
Wave-6,Female,£0-£300→£491-£740,84.0,0.03944849021806368,0.015656876786566097
Wave-6,Female,"£0-£300→£741-£1,111",20.0,0.05494279897251523,0.020971208587546447
Wave-6,Female,"£0-£300→£741-£1,111",21.015873015873016,0.0549349663282375,0.02096027427674949
Wave-6,Female,"£0-£300→£741-£1,111",22.03174603174603,0.05492517983157984,0.02094873587429785
Wave-6,Female,"£0-£300→£741-£1,111",23.047619047619047,0.054913449274455885,0.020936597981968952
Wave-6,Female,"£0-£300→£741-£1,111",24.063492063492063,0.05489978541563837,0.02092386587232888
Wave-6,Female,"£0-£300→£741-£1,111",25.07936507936508,0.05488419996908904,0.02091054549744741
Wave-6,Female,"£0-£300→£741-£1,111",26.095238095238095,0.05486670559045701,0.020896643495651825
Wave-6,Female,"£0-£300→£741-£1,111",27.11111111111111,0.05484731586175286,0.020882167196169858
Wave-6,Female,"£0-£300→£741-£1,111",28.126984126984127,0.05482604527421352,0.020867124621524097
Wave-6,Female,"£0-£300→£741-£1,111",29.142857142857142,0.05480290920938129,0.020851524487554736
Wave-6,Female,"£0-£300→£741-£1,111",30.158730158730158,0.05477792391842819,0.020835376200964154
Wave-6,Female,"£0-£300→£741-£1,111",31.174603174603174,0.05475110649976572,0.02081868985429527
Wave-6,Female,"£0-£300→£741-£1,111",32.19047619047619,0.054722474874987534,0.02080147621827587
Wave-6,Female,"£0-£300→£741-£1,111",33.2063492063492,0.05469204776320119,0.020783746731482762
Wave-6,Female,"£0-£300→£741-£1,111",34.22222222222222,0.05465984465381294,0.02076551348730214
Wave-6,Female,"£0-£300→£741-£1,111",35.23809523809524,0.0546258857778366,0.020746789218185964
Wave-6,Female,"£0-£300→£741-£1,111",36.25396825396825,0.05459019207780546,0.020727587277227743
Wave-6,Female,"£0-£300→£741-£1,111",37.269841269841265,0.05455278517637234,0.02070792161710476
Wave-6,Female,"£0-£300→£741-£1,111",38.285714285714285,0.054513687343689686,0.020687806766456783
Wave-6,Female,"£0-£300→£741-£1,111",39.301587301587304,0.05447292146366685,0.020667257803793648
Wave-6,Female,"£0-£300→£741-£1,111",40.317460317460316,0.054430510999206955,0.020646290329045275
Wave-6,Female,"£0-£300→£741-£1,111",41.33333333333333,0.054386479956530336,0.02062492043288714
Wave-6,Female,"£0-£300→£741-£1,111",42.34920634920635,0.05434085284869495,0.02060316466399217
Wave-6,Female,"£0-£300→£741-£1,111",43.36507936507937,0.05429365465842721,0.02058103999437579
Wave-6,Female,"£0-£300→£741-£1,111",44.38095238095238,0.054244910800379166,0.020558563783014412
Wave-6,Female,"£0-£300→£741-£1,111",45.39682539682539,0.05419464708292905,0.020535753737929
Wave-6,Female,"£0-£300→£741-£1,111",46.41269841269841,0.054142889669643396,0.02051262787693383
Wave-6,Female,"£0-£300→£741-£1,111",47.42857142857143,0.05408966504051859,0.020489204487257388
Wave-6,Female,"£0-£300→£741-£1,111",48.44444444444444,0.05403499995311927,0.020465502084245548
Wave-6,Female,"£0-£300→£741-£1,111",49.460317460317455,0.05397892140372966,0.020441539369359232
Wave-6,Female,"£0-£300→£741-£1,111",50.476190476190474,0.05392145658863171,0.020417335187677528
Wave-6,Female,"£0-£300→£741-£1,111",51.492063492063494,0.05386263286562183,0.02039290848511448
Wave-6,Female,"£0-£300→£741-£1,111",52.507936507936506,0.0538024777158743,0.02036827826555284
Wave-6,Female,"£0-£300→£741-£1,111",53.52380952380952,0.053741018706256555,0.020343463548091457
Wave-6,Female,"£0-£300→£741-£1,111",54.53968253968254,0.053678283452197065,0.0203184833245949
Wave-6,Female,"£0-£300→£741-£1,111",55.55555555555556,0.05361429958120241,0.02029335651772455
Wave-6,Female,"£0-£300→£741-£1,111",56.57142857142857,0.0535490946971155,0.020268101939620038
Wave-6,Female,"£0-£300→£741-£1,111",57.58730158730158,0.05348269634520193,0.02024273825138889
Wave-6,Female,"£0-£300→£741-£1,111",58.6031746031746,0.053415131978146464,0.020217283923550527
Wave-6,Female,"£0-£300→£741-£1,111",59.61904761904762,0.05334642892303626,0.02019175719756902
Wave-6,Female,"£0-£300→£741-£1,111",60.63492063492063,0.053276614349402285,0.020166176048596943
Wave-6,Female,"£0-£300→£741-£1,111",61.650793650793645,0.0532057152383849,0.02014055814954098
Wave-6,Female,"£0-£300→£741-£1,111",62.666666666666664,0.05313375835308412,0.02011492083654829
Wave-6,Female,"£0-£300→£741-£1,111",63.682539682539684,0.05306077021014972,0.020089281076001615
Wave-6,Female,"£0-£300→£741-£1,111",64.6984126984127,0.0529867770526611,0.02006365543310059
Wave-6,Female,"£0-£300→£741-£1,111",65.71428571428571,0.05291180482434132,0.02003806004209665
Wave-6,Female,"£0-£300→£741-£1,111",66.73015873015873,0.05283587914514462,0.020012510578239884
Wave-6,Female,"£0-£300→£741-£1,111",67.74603174603175,0.052759025288251764,0.01998702223148749
Wave-6,Female,"£0-£300→£741-£1,111",68.76190476190476,0.05268126815850205,0.019961609682015772
Wave-6,Female,"£0-£300→£741-£1,111",69.77777777777777,0.05260263227228656,0.019936287077570534
Wave-6,Female,"£0-£300→£741-£1,111",70.79365079365078,0.052523141738922,0.019911068012684226
Wave-6,Female,"£0-£300→£741-£1,111",71.80952380952381,0.05244282024351976,0.019885965509782593
Wave-6,Female,"£0-£300→£741-£1,111",72.82539682539682,0.052361691031360465,0.019860992002198083
Wave-6,Female,"£0-£300→£741-£1,111",73.84126984126983,0.05227977689377967,0.019836159319102792
Wave-6,Female,"£0-£300→£741-£1,111",74.85714285714286,0.05219710015556596,0.019811478672369216
Wave-6,Female,"£0-£300→£741-£1,111",75.87301587301587,0.052113682663868406,0.019786960645363064
Wave-6,Female,"£0-£300→£741-£1,111",76.88888888888889,0.05202954577860608,0.019762615183668657
Wave-6,Female,"£0-£300→£741-£1,111",77.9047619047619,0.05194471036436832,0.019738451587743625
Wave-6,Female,"£0-£300→£741-£1,111",78.92063492063491,0.05185919678379018,0.019714478507496122
Wave-6,Female,"£0-£300→£741-£1,111",79.93650793650794,0.051773024892383605,0.01969070393877388
Wave-6,Female,"£0-£300→£741-£1,111",80.95238095238095,0.05168621403480101,0.019667135221750877
Wave-6,Female,"£0-£300→£741-£1,111",81.96825396825396,0.05159878304250392,0.01964377904119323
Wave-6,Female,"£0-£300→£741-£1,111",82.98412698412699,0.05151075023280572,0.01962064142858172
Wave-6,Female,"£0-£300→£741-£1,111",84.0,0.05142213340925386,0.01959772776606402
Wave-6,Female,"£0-£300→£1,112+",20.0,0.07119734890630972,0.02548802134689784
Wave-6,Female,"£0-£300→£1,112+",21.015873015873016,0.0711704864322611,0.02547275510902912
Wave-6,Female,"£0-£300→£1,112+",22.03174603174603,0.07114116923243313,0.02545681088789994
Wave-6,Female,"£0-£300→£1,112+",23.047619047619047,0.07110941669254217,0.025440196105955055
Wave-6,Female,"£0-£300→£1,112+",24.063492063492063,0.07107524941696129,0.025422918970326735
Wave-6,Female,"£0-£300→£1,112+",25.07936507936508,0.07103868920512672,0.025404988477648334
Wave-6,Female,"£0-£300→£1,112+",26.095238095238095,0.07099975902562516,0.02538641441673539
Wave-6,Female,"£0-£300→£1,112+",27.11111111111111,0.07095848298800263,0.025367207369005714
Wave-6,Female,"£0-£300→£1,112+",28.126984126984127,0.07091488631234523,0.025347378706521807
Wave-6,Female,"£0-£300→£1,112+",29.142857142857142,0.07086899529669219,0.025326940587553165
Wave-6,Female,"£0-£300→£1,112+",30.158730158730158,0.0708208372823514,0.025305905949571862
Wave-6,Female,"£0-£300→£1,112+",31.174603174603174,0.07077044061719738,0.02528428849961232
Wave-6,Female,"£0-£300→£1,112+",32.19047619047619,0.07071783461704122,0.02526210270194516
Wave-6,Female,"£0-£300→£1,112+",33.2063492063492,0.07066304952517044,0.02523936376303506
Wave-6,Female,"£0-£300→£1,112+",34.22222222222222,0.0706061164701657,0.025216087613773388
Wave-6,Female,"£0-£300→£1,112+",35.23809523809524,0.07054706742210894,0.02519229088899796
Wave-6,Female,"£0-£300→£1,112+",36.25396825396825,0.07048593514730504,0.025167990904333783
Wave-6,Female,"£0-£300→£1,112+",37.269841269841265,0.07042275316164534,0.025143205630410205
Wave-6,Female,"£0-£300→£1,112+",38.285714285714285,0.07035755568274746,0.025117953664530897
Wave-6,Female,"£0-£300→£1,112+",39.301587301587304,0.07029037758101055,0.025092254199893298
Wave-6,Female,"£0-£300→£1,112+",40.317460317460316,0.07022125432972992,0.025066126992473455
Wave-6,Female,"£0-£300→£1,112+",41.33333333333333,0.07015022195441693,0.025039592325709643
Wave-6,Female,"£0-£300→£1,112+",42.34920634920635,0.07007731698147394,0.0250126709731346
Wave-6,Female,"£0-£300→£1,112+",43.36507936507937,0.07000257638637405,0.024985384159120327
Wave-6,Female,"£0-£300→£1,112+",44.38095238095238,0.06992603754149732,0.024957753517911643
Wave-6,Female,"£0-£300→£1,112+",45.39682539682539,0.06984773816377318,0.02492980105113509
Wave-6,Female,"£0-£300→£1,112+",46.41269841269841,0.06976771626227929,0.024901549083977435
Wave-6,Female,"£0-£300→£1,112+",47.42857142857143,0.06968601008594331,0.024873020220233966
Wave-6,Female,"£0-£300→£1,112+",48.44444444444444,0.06960265807149253,0.02484423729643016
Wave-6,Female,"£0-£300→£1,112+",49.460317460317455,0.06951769879179236,0.024815223335221737
Wave-6,Female,"£0-£300→£1,112+",50.476190476190474,0.06943117090470989,0.024786001498277324
Wave-6,Female,"£0-£300→£1,112+",51.492063492063494,0.06934311310263498,0.024756595038845298
Wave-6,Female,"£0-£300→£1,112+",52.507936507936506,0.06925356406278545,0.02472702725420218
Wave-6,Female,"£0-£300→£1,112+",53.52380952380952,0.0691625623984167,0.02469732143817362
Wave-6,Female,"£0-£300→£1,112+",54.53968253968254,0.06907014661105146,0.02466750083391206
Wave-6,Female,"£0-£300→£1,112+",55.55555555555556,0.06897635504383715,0.024637588587106348
Wave-6,Female,"£0-£300→£1,112+",56.57142857142857,0.068881225836133,0.02460760769978944
Wave-6,Female,"£0-£300→£1,112+",57.58730158730158,0.0687847968794217,0.024577580984899983
Wave-6,Female,"£0-£300→£1,112+",58.6031746031746,0.06868710577463333,0.024547531021743143
Wave-6,Female,"£0-£300→£1,112+",59.61904761904762,0.06858818979096293,0.024517480112485116
Wave-6,Female,"£0-£300→£1,112+",60.63492063492063,0.06848808582625508,0.02448745023980482
Wave-6,Female,"£0-£300→£1,112+",61.650793650793645,0.06838683036902349,0.02445746302581549
Wave-6,Female,"£0-£300→£1,112+",62.666666666666664,0.06828445946216473,0.024427539692358308
Wave-6,Female,"£0-£300→£1,112+",63.682539682539684,0.06818100866842082,0.02439770102275998
Wave-6,Female,"£0-£300→£1,112+",64.6984126984127,0.06807651303763688,0.024367967325136616
Wave-6,Female,"£0-£300→£1,112+",65.71428571428571,0.0679710070758548,0.024338358397317194
Wave-6,Female,"£0-£300→£1,112+",66.73015873015873,0.06786452471627753,0.024308893493451368
Wave-6,Female,"£0-£300→£1,112+",67.74603174603175,0.06775709929213206,0.024279591292358935
Wave-6,Female,"£0-£300→£1,112+",68.76190476190476,0.06764876351145413,0.02425046986767104
Wave-6,Female,"£0-£300→£1,112+",69.77777777777777,0.06753954943381156,0.024221546659807146
Wave-6,Female,"£0-£300→£1,112+",70.79365079365078,0.06742948844897749,0.024192838449826115
Wave-6,Female,"£0-£300→£1,112+",71.80952380952381,0.06731861125756068,0.02416436133518486
Wave-6,Female,"£0-£300→£1,112+",72.82539682539682,0.06720694785359334,0.024136130707433753
Wave-6,Female,"£0-£300→£1,112+",73.84126984126983,0.06709452750907344,0.024108161231874058
Wave-6,Female,"£0-£300→£1,112+",74.85714285714286,0.06698137876045322,0.0240804668291994
Wave-6,Female,"£0-£300→£1,112+",75.87301587301587,0.06686752939706053,0.024053060659140212
Wave-6,Female,"£0-£300→£1,112+",76.88888888888889,0.06675300645143621,0.024025955106127397
Wave-6,Female,"£0-£300→£1,112+",77.9047619047619,0.06663783619156535,0.023999161766988745
Wave-6,Female,"£0-£300→£1,112+",78.92063492063491,0.0665220441149768,0.023972691440689274
Wave-6,Female,"£0-£300→£1,112+",79.93650793650794,0.06640565494468052,0.02394655412012396
Wave-6,Female,"£0-£300→£1,112+",80.95238095238095,0.06628869262690915,0.02392075898596878
Wave-6,Female,"£0-£300→£1,112+",81.96825396825396,0.0661711803306251,0.02389531440259299
Wave-6,Female,"£0-£300→£1,112+",82.98412698412699,0.06605314044875207,0.02387022791603255
Wave-6,Female,"£0-£300→£1,112+",84.0,0.06593459460108451,0.023845506254020946
Wave-6,Male,£0-£300→£301-£490,20.0,0.10010679692608052,0.026263437321280326
Wave-6,Male,£0-£300→£301-£490,21.015873015873016,0.10015067390230613,0.02624521182864686
Wave-6,Male,£0-£300→£301-£490,22.03174603174603,0.10019010457528063,0.026226369650909836
Wave-6,Male,£0-£300→£301-£490,23.047619047619047,0.10022507510432288,0.026206924051628652
Wave-6,Male,£0-£300→£301-£490,24.063492063492063,0.10025557387819503,0.026186889413180044
Wave-6,Male,£0-£300→£301-£490,25.07936507936508,0.10028159152608729,0.026166281217819526
Wave-6,Male,£0-£300→£301-£490,26.095238095238095,0.10030312092469108,0.026145116023941893
Wave-6,Male,£0-£300→£301-£490,27.11111111111111,0.10032015720134531,0.02612341143759191
Wave-6,Male,£0-£300→£301-£490,28.126984126984127,0.10033269773325361,0.02610118607930502
Wave-6,Male,£0-£300→£301-£490,29.142857142857142,0.10034074214278621,0.026078459546386615
Wave-6,Male,£0-£300→£301-£490,30.158730158730158,0.10034429228889417,0.026055252370766283
Wave-6,Male,£0-£300→£301-£490,31.174603174603174,0.1003433522546781,0.026031585972591115
Wave-6,Male,£0-£300→£301-£490,32.19047619047619,0.10033792833116764,0.02600748260974866
Wave-6,Male,£0-£300→£301-£490,33.2063492063492,0.10032802899738212,0.025982965323535792
Wave-6,Male,£0-£300→£301-£490,34.22222222222222,0.10031366489675542,0.02595805788071363
Wave-6,Male,£0-£300→£301-£490,35.23809523809524,0.10029484881002149,0.025932784712211464
Wave-6,Male,£0-£300→£301-£490,36.25396825396825,0.10027159562466931,0.025907170848763202
Wave-6,Male,£0-£300→£301-£490,37.269841269841265,0.10024392230108652,0.025881241853778506
Wave-6,Male,£0-£300→£301-£490,38.285714285714285,0.10021184783552331,0.02585502375376735
Wave-6,Male,£0-£300→£301-£490,39.301587301587304,0.10017539322001656,0.025828542966650582
Wave-6,Male,£0-£300→£301-£490,40.317460317460316,0.10013458139942458,0.025801826228300767
Wave-6,Male,£0-£300→£301-£490,41.33333333333333,0.10008943722573019,0.025774900517666316
Wave-6,Male,£0-£300→£301-£490,42.34920634920635,0.10003998740977783,0.025747792980838135
Wave-6,Male,£0-£300→£301-£490,43.36507936507937,0.09998626047061612,0.02572053085442153
Wave-6,Male,£0-£300→£301-£490,44.38095238095238,0.09992828668262353,0.025693141388576732
Wave-6,Male,£0-£300→£301-£490,45.39682539682539,0.09986609802059886,0.025665651770089684
Wave-6,Male,£0-£300→£301-£490,46.41269841269841,0.09979972810300182,0.025638089045830016
Wave-6,Male,£0-£300→£301-£490,47.42857142857143,0.0997292121335324,0.02561048004694651
Wave-6,Male,£0-£300→£301-£490,48.44444444444444,0.09965458684123837,0.02558285131414096
Wave-6,Male,£0-£300→£301-£490,49.460317460317455,0.0995758904193429,0.025555229024350094
Wave-6,Male,£0-£300→£301-£490,50.476190476190474,0.0994931624629829,0.025527638919152176
Wave-6,Male,£0-£300→£301-£490,51.492063492063494,0.09940644390604933,0.025500106235199896
Wave-6,Male,£0-£300→£301-£490,52.507936507936506,0.09931577695731877,0.025472655636964988
Wave-6,Male,£0-£300→£301-£490,53.52380952380952,0.09922120503606388,0.025445311152062673
Wave-6,Male,£0-£300→£301-£490,54.53968253968254,0.09912277270732753,0.02541809610940553
Wave-6,Male,£0-£300→£301-£490,55.55555555555556,0.09902052561704278,0.025391033080417458
Wave-6,Male,£0-£300→£301-£490,56.57142857142857,0.09891451042717586,0.025364143823518915
Wave-6,Male,£0-£300→£301-£490,57.58730158730158,0.0988047747510662,0.025337449232074975
Wave-6,Male,£0-£300→£301-£490,58.6031746031746,0.09869136708913216,0.025310969285977966
Wave-6,Male,£0-£300→£301-£490,59.61904761904762,0.09857433676510555,0.025284723007016948
Wave-6,Male,£0-£300→£301-£490,60.63492063492063,0.09845373386295249,0.025258728418167127
Wave-6,Male,£0-£300→£301-£490,61.650793650793645,0.09832960916463207,0.02523300250691341
Wave-6,Male,£0-£300→£301-£490,62.666666666666664,0.09820201408883701,0.025207561192704005
Wave-6,Male,£0-£300→£301-£490,63.682539682539684,0.09807100063085426,0.02518241929861244
Wave-6,Male,£0-£300→£301-£490,64.6984126984127,0.09793662130367514,0.02515759052726894
Wave-6,Male,£0-£300→£301-£490,65.71428571428571,0.09779892908047728,0.025133087441105872
Wave-6,Male,£0-£300→£301-£490,66.73015873015873,0.0976579773385924,0.02510892144694561
Wave-6,Male,£0-£300→£301-£490,67.74603174603175,0.09751381980506525,0.02508510278494382
Wave-6,Male,£0-£300→£301-£490,68.76190476190476,0.09736651050389969,0.025061640521885812
Wave-6,Male,£0-£300→£301-£490,69.77777777777777,0.09721610370507965,0.02503854254881846
Wave-6,Male,£0-£300→£301-£490,70.79365079365078,0.09706265387544195,0.02501581558298559
Wave-6,Male,£0-£300→£301-£490,71.80952380952381,0.09690621563146896,0.024993465174019458
Wave-6,Male,£0-£300→£301-£490,72.82539682539682,0.09674684369405853,0.024971495714325973
Wave-6,Male,£0-£300→£301-£490,73.84126984126983,0.09658459284531813,0.024949910453586032
Wave-6,Male,£0-£300→£301-£490,74.85714285714286,0.09641951788742026,0.024928711517279326
Wave-6,Male,£0-£300→£301-£490,75.87301587301587,0.09625167360354461,0.024907899929121066
Wave-6,Male,£0-£300→£301-£490,76.88888888888889,0.0960811147209222,0.02488747563728522
Wave-6,Male,£0-£300→£301-£490,77.9047619047619,0.095907895875986,0.024867437544270746
Wave-6,Male,£0-£300→£301-£490,78.92063492063491,0.09573207158162124,0.024847783540249874
Wave-6,Male,£0-£300→£301-£490,79.93650793650794,0.09555369619649869,0.02482851053971951
Wave-6,Male,£0-£300→£301-£490,80.95238095238095,0.09537282389646311,0.024809614521258946
Wave-6,Male,£0-£300→£301-£490,81.96825396825396,0.09518950864793917,0.02479109057017905
Wave-6,Male,£0-£300→£301-£490,82.98412698412699,0.09500380418330769,0.024772932923830503
Wave-6,Male,£0-£300→£301-£490,84.0,0.0948157639781951,0.02475513501932165
Wave-6,Male,£0-£300→£491-£740,20.0,0.11341884518487094,0.027917117329552595
Wave-6,Male,£0-£300→£491-£740,21.015873015873016,0.11345767534599871,0.027890737827282557
Wave-6,Male,£0-£300→£491-£740,22.03174603174603,0.11349152350375293,0.027863830689158167
Wave-6,Male,£0-£300→£491-£740,23.047619047619047,0.11352037954353443,0.027836415907123685
Wave-6,Male,£0-£300→£491-£740,24.063492063492063,0.11354423584310507,0.027808514649296494
Wave-6,Male,£0-£300→£491-£740,25.07936507936508,0.11356308727735959,0.027780149224659264
Wave-6,Male,£0-£300→£491-£740,26.095238095238095,0.11357693121883543,0.027751343042932967
Wave-6,Male,£0-£300→£491-£740,27.11111111111111,0.1135857675339592,0.02772212056975653
Wave-6,Male,£0-£300→£491-£740,28.126984126984127,0.11358959857504382,0.027692507277322066
Wave-6,Male,£0-£300→£491-£740,29.142857142857142,0.1135884291680652,0.027662529590637933
Wave-6,Male,£0-£300→£491-£740,30.158730158730158,0.11358226659626224,0.027632214829614064
Wave-6,Male,£0-£300→£491-£740,31.174603174603174,0.11357112057961828,0.027601591147186053
Wave-6,Male,£0-£300→£491-£740,32.19047619047619,0.11355500325029748,0.027570687463715274
Wave-6,Male,£0-£300→£491-£740,33.2063492063492,0.11353392912412229,0.02753953339792239
Wave-6,Male,£0-£300→£491-£740,34.22222222222222,0.11350791506819334,0.027508159194630327
Wave-6,Male,£0-£300→£491-£740,35.23809523809524,0.1134769802647654,0.027476595649610032
Wave-6,Male,£0-£300→£491-£740,36.25396825396825,0.11344114617150497,0.02744487403183827
Wave-6,Male,£0-£300→£491-£740,37.269841269841265,0.11340043647826845,0.027413026003490527
Wave-6,Male,£0-£300→£491-£740,38.285714285714285,0.11335487706054923,0.02738108353800431
Wave-6,Male,£0-£300→£491-£740,39.301587301587304,0.11330449592975356,0.027349078836557957
Wave-6,Male,£0-£300→£491-£740,40.317460317460316,0.11324932318047314,0.027317044243318097
Wave-6,Male,£0-£300→£491-£740,41.33333333333333,0.11318939093493245,0.027285012159814173
Wave-6,Male,£0-£300→£491-£740,42.34920634920635,0.11312473328479446,0.027253014958801922
Wave-6,Male,£0-£300→£491-£740,43.36507936507937,0.11305538623051696,0.0272210848979783
Wave-6,Male,£0-£300→£491-£740,44.38095238095238,0.11298138761845547,0.027189254033909132
Wave-6,Male,£0-£300→£491-£740,45.39682539682539,0.11290277707591499,0.02715755413652682
Wave-6,Male,£0-£300→£491-£740,46.41269841269841,0.11281959594435555,0.027126016604549642
Wave-6,Male,£0-£300→£491-£740,47.42857142857143,0.11273188721095954,0.027094672382166063
Wave-6,Male,£0-£300→£491-£740,48.44444444444444,0.11263969543877161,0.027063551877317706
Wave-6,Male,£0-£300→£491-£740,49.460317460317455,0.112543066695621,0.027032684881902795
Wave-6,Male,£0-£300→£491-£740,50.476190476190474,0.11244204848203901,0.02700210049420871
Wave-6,Male,£0-£300→£491-£740,51.492063492063494,0.11233668965838096,0.026971827043867726
Wave-6,Male,£0-£300→£491-£740,52.507936507936506,0.11222704037136308,0.026941892019614194
Wave-6,Male,£0-£300→£491-£740,53.52380952380952,0.11211315198022062,0.026912322000104825
Wave-6,Male,£0-£300→£491-£740,54.53968253968254,0.11199507698269216,0.026883142588046315
Wave-6,Male,£0-£300→£491-£740,55.55555555555556,0.11187286894103078,0.026854378347856745
Wave-6,Male,£0-£300→£491-£740,56.57142857142857,0.1117465824082387,0.02682605274706897
Wave-6,Male,£0-£300→£491-£740,57.58730158730158,0.11161627285471777,0.026798188101665964
Wave-6,Male,£0-£300→£491-£740,58.6031746031746,0.11148199659552231,0.026770805525519942
Wave-6,Male,£0-£300→£491-£740,59.61904761904762,0.11134381071839536,0.026743924884088843
Wave-6,Male,£0-£300→£491-£740,60.63492063492063,0.11120177301276268,0.026717564752506202
Wave-6,Male,£0-£300→£491-£740,61.650793650793645,0.11105594189985243,0.02669174237818296
Wave-6,Male,£0-£300→£491-£740,62.666666666666664,0.11090637636410058,0.02666647364802272
Wave-6,Male,£0-£300→£491-£740,63.682539682539684,0.11075313588599447,0.026641773060335446
Wave-6,Male,£0-£300→£491-£740,64.6984126984127,0.11059628037649887,0.026617653701518553
Wave-6,Male,£0-£300→£491-£740,65.71428571428571,0.1104358701131992,0.02659412722755816
Wave-6,Male,£0-£300→£491-£740,66.73015873015873,0.11027196567828901,0.026571203850388116
Wave-6,Male,£0-£300→£491-£740,67.74603174603175,0.11010462789851709,0.026548892329128774
Wave-6,Male,£0-£300→£491-£740,68.76190476190476,0.10993391778720137,0.026527199966212126
Wave-6,Male,£0-£300→£491-£740,69.77777777777777,0.10975989648840485,0.02650613260838459
Wave-6,Male,£0-£300→£491-£740,70.79365079365078,0.10958262522335929,0.026485694652562914
Wave-6,Male,£0-£300→£491-£740,71.80952380952381,0.1094021652392099,0.026465889056502587
Wave-6,Male,£0-£300→£491-£740,72.82539682539682,0.10921857776014382,0.026446717354221622
Wave-6,Male,£0-£300→£491-£740,73.84126984126983,0.10903192394095258,0.02642817967610527
Wave-6,Male,£0-£300→£491-£740,74.85714285714286,0.10884226482306755,0.026410274773599297
Wave-6,Male,£0-£300→£491-£740,75.87301587301587,0.10864966129309421,0.02639300004838071
Wave-6,Male,£0-£300→£491-£740,76.88888888888889,0.10845417404385961,0.02637635158587529
Wave-6,Male,£0-£300→£491-£740,77.9047619047619,0.10825586353797459,0.026360324192971015
Wave-6,Male,£0-£300→£491-£740,78.92063492063491,0.1080547899739001,0.026344911439755515
Wave-6,Male,£0-£300→£491-£740,79.93650793650794,0.10785101325449456,0.026330105705084098
Wave-6,Male,£0-£300→£491-£740,80.95238095238095,0.10764459295800774,0.026315898225763166
Wave-6,Male,£0-£300→£491-£740,81.96825396825396,0.10743558831147403,0.026302279149111867
Wave-6,Male,£0-£300→£491-£740,82.98412698412699,0.10722405816644771,0.026289237588643048
Wave-6,Male,£0-£300→£491-£740,84.0,0.10701006097701114,0.02627676168258355
Wave-6,Male,"£0-£300→£741-£1,111",20.0,0.1476465158428433,0.0319588018437185
Wave-6,Male,"£0-£300→£741-£1,111",21.015873015873016,0.14765661099837757,0.031906914787779246
Wave-6,Male,"£0-£300→£741-£1,111",22.03174603174603,0.14766043177481658,0.031854659565971055
Wave-6,Male,"£0-£300→£741-£1,111",23.047619047619047,0.14765798342875594,0.03180207185501367
Wave-6,Male,"£0-£300→£741-£1,111",24.063492063492063,0.14764927435650613,0.031749188894233664
Wave-6,Male,"£0-£300→£741-£1,111",25.07936507936508,0.14763431607770364,0.03169604943002029
Wave-6,Male,"£0-£300→£741-£1,111",26.095238095238095,0.1476131232135561,0.03164269365365278
Wave-6,Male,"£0-£300→£741-£1,111",27.11111111111111,0.14758571345977306,0.03158916313263994
Wave-6,Male,"£0-£300→£741-£1,111",28.126984126984127,0.14755210755425044,0.03153550073574643
Wave-6,Male,"£0-£300→£741-£1,111",29.142857142857142,0.14751232923959715,0.0314817505519134
Wave-6,Male,"£0-£300→£741-£1,111",30.158730158730158,0.1474664052206095,0.03142795780331415
Wave-6,Male,"£0-£300→£741-£1,111",31.174603174603174,0.14741436511681688,0.03137416875281787
Wave-6,Male,"£0-£300→£741-£1,111",32.19047619047619,0.14735624141024,0.031320430606165565
Wave-6,Male,"£0-£300→£741-£1,111",33.2063492063492,0.1472920693885193,0.03126679140919248
Wave-6,Male,"£0-£300→£741-£1,111",34.22222222222222,0.14722188708358563,0.031213299940459842
Wave-6,Male,"£0-£300→£741-£1,111",35.23809523809524,0.1471457352060626,0.03116000559968512
Wave-6,Male,"£0-£300→£741-£1,111",36.25396825396825,0.14706365707560198,0.03110695829238482
Wave-6,Male,"£0-£300→£741-£1,111",37.269841269841265,0.1469756985473661,0.031054208311165662
Wave-6,Male,"£0-£300→£741-£1,111",38.285714285714285,0.1468819079348854,0.03100180621411999
Wave-6,Male,"£0-£300→£741-£1,111",39.301587301587304,0.14678233592952666,0.030949802700797828
Wave-6,Male,"£0-£300→£741-£1,111",40.317460317460316,0.14667703551681965,0.030898248486242376
Wave-6,Male,"£0-£300→£741-£1,111",41.33333333333333,0.1465660618898959,0.030847194173586667
Wave-6,Male,"£0-£300→£741-£1,111",42.34920634920635,0.1464494723603021,0.030796690125717337
Wave-6,Male,"£0-£300→£741-£1,111",43.36507936507937,0.14632732626645506,0.030746786336516594
Wave-6,Male,"£0-£300→£741-£1,111",44.38095238095238,0.14619968488001042,0.03069753230219556
Wave-6,Male,"£0-£300→£741-£1,111",45.39682539682539,0.1460666113104199,0.030648976893231407
Wave-6,Male,"£0-£300→£741-£1,111",46.41269841269841,0.14592817040795525,0.030601168227417014
Wave-6,Male,"£0-£300→£741-£1,111",47.42857142857143,0.14578442866547614,0.03055415354452554
Wave-6,Male,"£0-£300→£741-£1,111",48.44444444444444,0.14563545411922146,0.030507979083083257
Wave-6,Male,"£0-£300→£741-£1,111",49.460317460317455,0.14548131624889987,0.030462689959732527
Wave-6,Male,"£0-£300→£741-£1,111",50.476190476190474,0.14532208587735504,0.030418330051653328
Wave-6,Male,"£0-£300→£741-£1,111",51.492063492063494,0.14515783507007712,0.030374941882495576
Wave-6,Male,"£0-£300→£741-£1,111",52.507936507936506,0.144988637034828,0.030332566512257273
Wave-6,Male,"£0-£300→£741-£1,111",53.52380952380952,0.1448145660216424,0.03029124343152379
Wave-6,Male,"£0-£300→£741-£1,111",54.53968253968254,0.14463569722346245,0.030251010460463055
Wave-6,Male,"£0-£300→£741-£1,111",55.55555555555556,0.14445210667765512,0.030211903652949096
Wave-6,Male,"£0-£300→£741-£1,111",56.57142857142857,0.14426387116865566,0.030173957206163345
Wave-6,Male,"£0-£300→£741-£1,111",57.58730158730158,0.14407106813197246,0.030137203375998883
Wave-6,Male,"£0-£300→£741-£1,111",58.6031746031746,0.14387377555977854,0.03010167239856799
Wave-6,Male,"£0-£300→£741-£1,111",59.61904761904762,0.1436720719083082,0.030067392418087913
Wave-6,Male,"£0-£300→£741-£1,111",60.63492063492063,0.1434660360072648,0.030034389421393866
Wave-6,Male,"£0-£300→£741-£1,111",61.650793650793645,0.14325574697143725,0.030002687179301973
Wave-6,Male,"£0-£300→£741-£1,111",62.666666666666664,0.14304128411471148,0.02997230719501856
Wave-6,Male,"£0-£300→£741-£1,111",63.682539682539684,0.14282272686665096,0.02994326865976529
Wave-6,Male,"£0-£300→£741-£1,111",64.6984126984127,0.14260015469180967,0.029915588415763146
Wave-6,Male,"£0-£300→£741-£1,111",65.71428571428571,0.14237364701192834,0.02988928092669125
Wave-6,Male,"£0-£300→£741-£1,111",66.73015873015873,0.14214328313115113,0.029864358255709603
Wave-6,Male,"£0-£300→£741-£1,111",67.74603174603175,0.1419091421643885,0.029840830051107794
Wave-6,Male,"£0-£300→£741-£1,111",68.76190476190476,0.14167130296893712,0.02981870353961449
Wave-6,Male,"£0-£300→£741-£1,111",69.77777777777777,0.1414298440794547,0.029797983527375203
Wave-6,Male,"£0-£300→£741-£1,111",70.79365079365078,0.1411848436463729,0.029778672408578042
Wave-6,Male,"£0-£300→£741-£1,111",71.80952380952381,0.14093637937781772,0.029760770181679264
Wave-6,Male,"£0-£300→£741-£1,111",72.82539682539682,0.14068452848509122,0.029744274473151994
Wave-6,Male,"£0-£300→£741-£1,111",73.84126984126983,0.14042936763175448,0.02972918056865266
Wave-6,Male,"£0-£300→£741-£1,111",74.85714285714286,0.14017097288633573,0.029715481451470228
Wave-6,Male,"£0-£300→£741-£1,111",75.87301587301587,0.1399094196786731,0.029703167848093605
Wave-6,Male,"£0-£300→£741-£1,111",76.88888888888889,0.13964478275988573,0.02969222828070201
Wave-6,Male,"£0-£300→£741-£1,111",77.9047619047619,0.13937713616595257,0.029682649126352316
Wave-6,Male,"£0-£300→£741-£1,111",78.92063492063491,0.13910655318486162,0.029674414682606134
Wave-6,Male,"£0-£300→£741-£1,111",79.93650793650794,0.13883310632727913,0.029667507239307937
Wave-6,Male,"£0-£300→£741-£1,111",80.95238095238095,0.13855686730067326,0.029661907156193924
Wave-6,Male,"£0-£300→£741-£1,111",81.96825396825396,0.13827790698681106,0.029657592945980193
Wave-6,Male,"£0-£300→£741-£1,111",82.98412698412699,0.13799629542253608,0.02965454136254783
Wave-6,Male,"£0-£300→£741-£1,111",84.0,0.13771210178371948,0.029652727493812765
Wave-6,Male,"£0-£300→£1,112+",20.0,0.1881389225762027,0.03075386367853714
Wave-6,Male,"£0-£300→£1,112+",21.015873015873016,0.18809118276883527,0.030672499256313667
Wave-6,Male,"£0-£300→£1,112+",22.03174603174603,0.1880359044762527,0.030591377461071236
Wave-6,Male,"£0-£300→£1,112+",23.047619047619047,0.18797312080939696,0.030510566659397196
Wave-6,Male,"£0-£300→£1,112+",24.063492063492063,0.18790286856121508,0.030430137651397255
Wave-6,Male,"£0-£300→£1,112+",25.07936507936508,0.18782518815457735,0.03035016354681782
Wave-6,Male,"£0-£300→£1,112+",26.095238095238095,0.18774012358413222,0.030270719629225142
Wave-6,Male,"£0-£300→£1,112+",27.11111111111111,0.1876477223522341,0.03019188320855409
Wave-6,Male,"£0-£300→£1,112+",28.126984126984127,0.18754803539909692,0.030113733462400014
Wave-6,Male,"£0-£300→£1,112+",29.142857142857142,0.18744111702734864,0.030036351266486894
Wave-6,Male,"£0-£300→£1,112+",30.158730158730158,0.18732702482117583,0.029959819014804042
Wave-6,Male,"£0-£300→£1,112+",31.174603174603174,0.18720581956026874,0.02988422042996102
Wave-6,Male,"£0-£300→£1,112+",32.19047619047619,0.18707756512879026,0.02980964036436675
Wave-6,Male,"£0-£300→£1,112+",33.2063492063492,0.18694232841961014,0.029736164592892415
Wave-6,Male,"£0-£300→£1,112+",34.22222222222222,0.1868001792340575,0.029663879597729946
Wave-6,Male,"£0-£300→£1,112+",35.23809523809524,0.18665119017746187,0.02959287234620693
Wave-6,Male,"£0-£300→£1,112+",36.25396825396825,0.18649543655075995,0.029523230062365402
Wave-6,Male,"£0-£300→£1,112+",37.269841269841265,0.18633299623846145,0.029455039993155283
Wave-6,Male,"£0-£300→£1,112+",38.285714285714285,0.18616394959327293,0.029388389170133446
Wave-6,Male,"£0-£300→£1,112+",39.301587301587304,0.1859883793176897,0.029323364167595813
Wave-6,Male,"£0-£300→£1,112+",40.317460317460316,0.18580637034287167,0.029260050858102453
Wave-6,Male,"£0-£300→£1,112+",41.33333333333333,0.1856180097051252,0.029198534166384377
Wave-6,Male,"£0-£300→£1,112+",42.34920634920635,0.1854233864203182,0.029138897822644814
Wave-6,Male,"£0-£300→£1,112+",43.36507936507937,0.18522259135655808,0.029081224116287226
Wave-6,Male,"£0-£300→£1,112+",44.38095238095238,0.1850157171054658,0.029025593651117263
Wave-6,Male,"£0-£300→£1,112+",45.39682539682539,0.18480285785237854,0.028972085103075248
Wave-6,Male,"£0-£300→£1,112+",46.41269841269841,0.1845841092458147,0.028920774981560083
Wave-6,Male,"£0-£300→£1,112+",47.42857142857143,0.18435956826653285,0.028871737395404194
Wave-6,Male,"£0-£300→£1,112+",48.44444444444444,0.18412933309651366,0.02882504382455184
Wave-6,Male,"£0-£300→£1,112+",49.460317460317455,0.18389350298819165,0.028780762898480042
Wave-6,Male,"£0-£300→£1,112+",50.476190476190474,0.1836521781342563,0.028738960182382103
Wave-6,Male,"£0-£300→£1,112+",51.492063492063494,0.18340545953834056,0.028699697972108053
Wave-6,Male,"£0-£300→£1,112+",52.507936507936506,0.18315344888690405,0.028663035098824566
Wave-6,Male,"£0-£300→£1,112+",53.52380952380952,0.1828962484226152,0.028629026744318564
Wave-6,Male,"£0-£300→£1,112+",54.53968253968254,0.1826339608195244,0.02859772426782434
Wave-6,Male,"£0-£300→£1,112+",55.55555555555556,0.18236668906031506,0.028569175045203295
Wave-6,Male,"£0-£300→£1,112+",56.57142857142857,0.18209453631590708,0.028543422321248797
Wave-6,Male,"£0-£300→£1,112+",57.58730158730158,0.18181760582767884,0.028520505075826423
Wave-6,Male,"£0-£300→£1,112+",58.6031746031746,0.18153600079256138,0.02850045790449231
Wave-6,Male,"£0-£300→£1,112+",59.61904761904762,0.18124982425124778,0.028483310914159746
Wave-6,Male,"£0-£300→£1,112+",60.63492063492063,0.18095917897974875,0.028469089634307415
Wave-6,Male,"£0-£300→£1,112+",61.650793650793645,0.18066416738451085,0.028457814944142065
Wave-6,Male,"£0-£300→£1,112+",62.666666666666664,0.18036489140130357,0.028449503016044337
Wave-6,Male,"£0-£300→£1,112+",63.682539682539684,0.18006145239806404,0.028444165275540455
Wave-6,Male,"£0-£300→£1,112+",64.6984126984127,0.1797539510818771,0.02844180837795394
Wave-6,Male,"£0-£300→£1,112+",65.71428571428571,0.17944248741025068,0.02844243420180246
Wave-6,Male,"£0-£300→£1,112+",66.73015873015873,0.1791271605068338,0.02844603985891512
Wave-6,Male,"£0-£300→£1,112+",67.74603174603175,0.17880806858170661,0.0284526177211562
Wave-6,Male,"£0-£300→£1,112+",68.76190476190476,0.17848530885635697,0.028462155463553063
Wave-6,Male,"£0-£300→£1,112+",69.77777777777777,0.1781589774934407,0.028474636123539183
Wave-6,Male,"£0-£300→£1,112+",70.79365079365078,0.17782916953140643,0.028490038175939262
Wave-6,Male,"£0-£300→£1,112+",71.80952380952381,0.17749597882404816,0.028508335623241687
Wave-6,Male,"£0-£300→£1,112+",72.82539682539682,0.17715949798503072,0.028529498100625817
Wave-6,Male,"£0-£300→£1,112+",73.84126984126983,0.17681981833741608,0.02855349099513759
Wave-6,Male,"£0-£300→£1,112+",74.85714285714286,0.1764770298681999,0.028580275578336967
Wave-6,Male,"£0-£300→£1,112+",75.87301587301587,0.17613122118784974,0.02860980915167579
Wave-6,Male,"£0-£300→£1,112+",76.88888888888889,0.17578247949481676,0.028642045203804513
Wave-6,Male,"£0-£300→£1,112+",77.9047619047619,0.1754308905449765,0.028676933578951208
Wave-6,Male,"£0-£300→£1,112+",78.92063492063491,0.1750765386259332,0.028714420655466796
Wave-6,Male,"£0-£300→£1,112+",79.93650793650794,0.17471950653610613,0.02875444953358656
Wave-6,Male,"£0-£300→£1,112+",80.95238095238095,0.1743598755684967,0.0287969602314198
Wave-6,Male,"£0-£300→£1,112+",81.96825396825396,0.17399772549901843,0.028841889888147187
Wave-6,Male,"£0-£300→£1,112+",82.98412698412699,0.17363313457925397,0.028889172973379253
Wave-6,Male,"£0-£300→£1,112+",84.0,0.17326617953348716,0.028938741501609123
