age,sex,income_level,mean,sd,hdi_5%,hdi_95%
18.0,Female,Inc1,0.29669695012451064,0.1301510603036678,0.08263901340618604,0.47793068517548565
18.0,Female,Inc2,0.16563492373547692,0.03023087455849504,0.11763557101513261,0.20223048710243424
18.0,Female,Inc3,0.12535725941555298,0.01663195707507422,0.10317158283424388,0.14685343055069738
18.0,Female,Inc4,0.16178131921340533,0.03473919762103911,0.10752316918275806,0.20364961468809467
18.0,Female,Inc5,0.25052954751105416,0.1217934507404583,0.0666502169678942,0.4417473780834512
19.0,Female,Inc1,0.29759006619320283,0.13031922138423638,0.08274469830461867,0.47944869836927845
19.0,Female,Inc2,0.16579938788462512,0.030129875079050263,0.11815067282043715,0.20229254712113248
19.0,Female,Inc3,0.1253372180516623,0.016642882463025758,0.10212169564861118,0.14594986152721723
19.0,Female,Inc4,0.16156713268371106,0.0348215908886241,0.10753783465546374,0.20392027915703226
19.0,Female,Inc5,0.2497061951867987,0.12153149778875626,0.06557529455620648,0.44023878281906526
20.0,Female,Inc1,0.2984848995617626,0.13048747965028185,0.08973338395011174,0.48779724512910866
20.0,Female,Inc2,0.16596258501502326,0.030029024305163403,0.1186241629738917,0.20235364388076266
20.0,Female,Inc3,0.1253160074653302,0.016654947901804,0.10201754263448903,0.14574225129188967
20.0,Female,Inc4,0.16135182930891456,0.034903829102051157,0.10676341919895527,0.2035585671728548
20.0,Female,Inc5,0.2488846786489693,0.12126995877005653,0.06773315171032457,0.4414815003655389
22.0,Female,Inc1,0.300279696105815,0.13082427693047696,0.09027667518751617,0.4894661268115846
22.0,Female,Inc2,0.16628515254728163,0.029827813055447232,0.1190779354034909,0.2024729430190675
22.0,Female,Inc3,0.12527008056393965,0.016682479084647293,0.10298615567131245,0.14676382110778713
22.0,Female,Inc4,0.16091790120952068,0.0350678078409664,0.10600620744982547,0.20344718532670414
22.0,Female,Inc5,0.24724716957344303,0.12074814274214038,0.06685650275866561,0.4384543641484624
23.0,Female,Inc1,0.3011796480692376,0.1309928104806689,0.0905494304812457,0.4903006580437458
23.0,Female,Inc2,0.16644451022013065,0.02972747502858546,0.11930497598164466,0.2025311431403068
23.0,Female,Inc3,0.12524536535267805,0.016697934047361834,0.10336117523331276,0.1469935525947768
23.0,Female,Inc4,0.16069929116463674,0.035149532414143723,0.10581884958618692,0.2038325661887206
23.0,Female,Inc5,0.24643118519331694,0.12048787572508436,0.06455271125113471,0.43522455431984863
24.0,Female,Inc1,0.3020812949084511,0.13116143028858884,0.09157735867115224,0.49164411627117116
24.0,Female,Inc2,0.16660257541734708,0.029627330606164876,0.11953211724749194,0.20258837548769493
24.0,Female,Inc3,0.12521948312650008,0.01671450750877302,0.1032547709823084,0.14701697758910437
24.0,Female,Inc4,0.1604795936328965,0.035231070027862015,0.10616023198572,0.20444463017478282
24.0,Female,Inc5,0.2456170529148053,0.12022804262462888,0.06413371650860189,0.4331505498434405
25.0,Female,Inc1,0.30298463085183697,0.131330133562846,0.09202736522559382,0.49231110733099553
25.0,Female,Inc2,0.16675934188411679,0.02952739137297578,0.11975935752561828,0.20264463897715113
25.0,Female,Inc3,0.12519243457163787,0.016732193244798417,0.10290780672543154,0.14703417596494467
25.0,Female,Inc4,0.1602588160384565,0.035312413014824115,0.10573437287408749,0.20438344114659235
25.0,Female,Inc5,0.2448047766539518,0.11996864832216313,0.06366798942942387,0.4321356534923021
26.0,Female,Inc1,0.30388965006162016,0.1314989174884507,0.09247935797367793,0.49338840392894284
26.0,Female,Inc2,0.16691480341051732,0.029427669058574107,0.11731633973930455,0.19977260430176658
26.0,Female,Inc3,0.12516422042797576,0.0167509847086086,0.1008515409615629,0.14506802092131565
26.0,Female,Inc4,0.1600369658381232,0.035393553830596114,0.10530923250318058,0.20424092006280947
26.0,Female,Inc5,0.2439943602617636,0.11970969765257494,0.0616338532479227,0.4290096295753937
27.0,Female,Inc1,0.3047963466339186,0.1316677792269134,0.09273419541047992,0.4944657619267771
27.0,Female,Inc2,0.16706895383207604,0.029328175537537183,0.11778874078372953,0.1997428393012789
27.0,Female,Inc3,0.12513484148899648,0.01677087503698057,0.10030708399826616,0.1444417542302574
27.0,Female,Inc4,0.15981405052075628,0.035474485053200826,0.10499615982713295,0.20427110388032044
27.0,Female,Inc5,0.2431858075242526,0.11945119540391494,0.060540531604134196,0.4269967468736846
28.0,Female,Inc1,0.30570471459880116,0.13183671591634896,0.09338932825585494,0.49587540066563185
28.0,Female,Inc2,0.16722178703032586,0.029228922829649267,0.118242602641832,0.19984278369613323
28.0,Female,Inc3,0.12510429860172198,0.016791857056922745,0.1002589529070288,0.14443270358433696
28.0,Female,Inc4,0.15959007760666924,0.0355551993826936,0.104600537222031,0.20430999568979036
28.0,Female,Inc5,0.24237912216248178,0.11919314631706834,0.06041669692693641,0.42551553073091686
29.0,Female,Inc1,0.30661474792034915,0.13200572467158508,0.09384731889119369,0.49666014483692394
29.0,Female,Inc2,0.16737329693335665,0.02912992310001324,0.11862312812520137,0.1999651433015509
29.0,Female,Inc3,0.12507259266664847,0.016813923292556023,0.10081406449322877,0.1448617749077883
29.0,Female,Inc4,0.15936505464702908,0.03563568964072121,0.10396783710185953,0.2042851441930994
29.0,Female,Inc5,0.24157430783261674,0.11893555508543417,0.07026516170435104,0.43338081045575705
30.0,Female,Inc1,0.30752644049672456,0.13217480258427558,0.09430732192214467,0.4983260655517349
30.0,Female,Inc2,0.16752347751636365,0.029031188659084738,0.11919203087861385,0.20026781435147983
30.0,Female,Inc3,0.12503972463767615,0.01683706597223486,0.10068070392363337,0.14481845207231797
30.0,Female,Inc4,0.15913898922325415,0.035715948770064385,0.10338785308473261,0.20414759068290073
30.0,Female,Inc5,0.24077136812598154,0.11867842635461215,0.07033023447226205,0.43264426677807166
31.0,Female,Inc1,0.3084397861602436,0.13234394672301836,0.09327228154910025,0.49877560784244934
31.0,Female,Inc2,0.16767232280219185,0.028932731962624917,0.1195955537183159,0.20021619598487772
31.0,Female,Inc3,0.1250056955220335,0.01686127703589226,0.100285112846486,0.14448482770531096
31.0,Female,Inc4,0.15891188894641087,0.03579596983416449,0.10365440446637486,0.20464822173211816
31.0,Female,Inc5,0.23997030656912022,0.1184217647220973,0.060046613618297995,0.421079998308153
32.0,Female,Inc1,0.3093547786774559,0.13251315413347833,0.09340724006408052,0.49985312277101285
32.0,Female,Inc2,0.16781982686187694,0.028834565611567872,0.1199992128938045,0.20018940282425418
32.0,Female,Inc3,0.1249705063801959,0.01688654814259191,0.1004718175168825,0.144722005262239
32.0,Female,Inc4,0.1586837614566084,0.03587574601663504,0.10332011167320254,0.20474705132425092
32.0,Female,Inc5,0.23917112662386283,0.11816557473698218,0.059923724799953115,0.4196042768447914
33.0,Female,Inc1,0.3102714117492296,0.13268242183851464,0.09568754144345491,0.5029680064126556
33.0,Female,Inc2,0.16796598381518218,0.02873670235179871,0.1206312640791132,0.20038370747261386
33.0,Female,Inc3,0.12493415832579895,0.016912870678271113,0.10042206629650172,0.14468429339644917
33.0,Female,Inc4,0.15845461442239278,0.03595527062075833,0.10219062833914716,0.20392036903929306
33.0,Female,Inc5,0.23837383168739643,0.1179098608996672,0.05980107147988578,0.4181299918121426
34.0,Female,Inc1,0.31118967901084243,0.1328517468383132,0.09605254899929278,0.5041458787770555
34.0,Female,Inc2,0.16811078783113115,0.028639155073838175,0.12110621805173533,0.20034592074845836
34.0,Female,Inc3,0.12489665252554635,0.016940235763657444,0.10051103210929202,0.1448195783427022
34.0,Female,Inc4,0.15822445554013928,0.03603453706896794,0.1019350274144093,0.2039504586214828
34.0,Female,Inc5,0.23757842509234078,0.11765462766157854,0.05961620457350392,0.41665716811439546
35.0,Female,Inc1,0.3121095740320773,0.13302112611052344,0.09381316706497869,0.5031624466653818
35.0,Female,Inc2,0.16825423312853707,0.028541936812429503,0.12131809984245356,0.20039330425735774
35.0,Female,Inc3,0.12485799019911242,0.016968634262342408,0.10038303440761265,0.1448476731048729
35.0,Female,Inc4,0.1579932925334439,0.0361135389023174,0.10164568429436449,0.2040750304606842
35.0,Female,Inc5,0.23678491010682934,0.11739987942489408,0.0595564697915445,0.415185830552841
36.0,Female,Inc1,0.31303109031732546,0.1331905566104004,0.0941577044808186,0.5043201215009138
36.0,Female,Inc2,0.16839631397652738,0.02844506074602331,0.12090769380505056,0.1996410176183782
36.0,Female,Inc3,0.12481817261903908,0.01699805678899524,0.09981611790170297,0.14435996084090413
36.0,Female,Inc4,0.15776113315251386,0.036192269779935504,0.10472563738216478,0.2074218231253977
36.0,Female,Inc5,0.23599328993459429,0.11714562054227756,0.05935972667787348,0.41371600382428564
37.0,Female,Inc1,0.31395422130569406,0.13336003527095133,0.09465974227556084,0.5054777500158453
37.0,Female,Inc2,0.16853702469506465,0.028348540196155993,0.12199246341706393,0.20022453644737992
37.0,Female,Inc3,0.12477720111062754,0.01702849371770008,0.09961516329262199,0.14433280870174792
37.0,Female,Inc4,0.15752798517355668,0.03627072347846865,0.10445309934593094,0.2073083154348508
37.0,Female,Inc5,0.2352035677150571,0.11689185531662043,0.0591366871260246,0.4122584938475077
38.0,Female,Inc1,0.31487896037112006,0.13352955900308694,0.09473062828617584,0.5066353198006793
38.0,Female,Inc2,0.16867635965546265,0.028252388626717202,0.12154602756291644,0.1996247215862731
38.0,Female,Inc3,0.12473507705182485,0.017059935190399802,0.09931629300707645,0.1442253346219578
38.0,Female,Inc4,0.1572938563981692,0.03634889389151083,0.10369580418733093,0.2068534915200274
38.0,Female,Inc5,0.23441574652342326,0.11663858800079209,0.058914433138721356,0.4109892747972176
39.0,Female,Inc1,0.31580530082248975,0.13369912469577808,0.09501543493446778,0.5077928184484372
39.0,Female,Inc2,0.1688143132808987,0.028156619643101774,0.12211267280722396,0.19974075472339914
39.0,Female,Inc3,0.1246918018731047,0.01709237112543012,0.09954804977001497,0.14441255130538166
39.0,Female,Inc4,0.15705875465272487,0.03642677502902135,0.10335370007826439,0.20656571811578672
39.0,Female,Inc5,0.23362982937078203,0.11638582279739816,0.05869296234307719,0.4102951049900999
40.0,Female,Inc1,0.31673323590376395,0.13386872921621662,0.09735966035995153,0.5113714667673187
40.0,Female,Inc2,0.16895088004692105,0.028061246991241465,0.12251450545198223,0.19967354325052566
40.0,Female,Inc3,0.12464737705734354,0.017125791226127698,0.09927651831136775,0.14438673562116033
40.0,Female,Inc4,0.15682268778776084,0.036504361016730776,0.10301205533999225,0.20643733356625732
40.0,Female,Inc5,0.2328458192042106,0.11613356385854694,0.0584722723704022,0.4086164755467775
41.0,Female,Inc1,0.31766275879410955,0.13403836940998168,0.09797410955148163,0.5128913472237305
41.0,Female,Inc2,0.16908605448195196,0.027966284556511747,0.12340727111134644,0.20004400837141284
41.0,Female,Inc3,0.12460180413969064,0.017160184989496226,0.09924539115886499,0.14442333864409956
41.0,Female,Inc4,0.1565856636773646,0.03658164609553562,0.10267087500355665,0.2063415890828061
41.0,Female,Inc5,0.23206371890688324,0.11588181528562416,0.05825236085622043,0.4072146217746764
42.0,Female,Inc1,0.3185938626080361,0.13420804210121032,0.09859201304512222,0.5144109893231853
42.0,Female,Inc2,0.16921983116778627,0.02787174636250887,0.12331835913810679,0.19958799859579507
42.0,Female,Inc3,0.12455508470743377,0.017195541714914903,0.09880497002708855,0.1442386440664351
42.0,Female,Inc4,0.15634769021855938,0.0366586246208818,0.10232270782299058,0.20624231623503825
42.0,Female,Inc5,0.23128353129818446,0.11563058112907602,0.05989529811219674,0.40814240241015054
43.0,Female,Inc1,0.319526540395539,0.1343777440927735,0.09921338490621681,0.5159303650122281
43.0,Female,Inc2,0.1693522047400849,0.027777646569692258,0.1234717989357941,0.1995779575971654
43.0,Female,Inc3,0.12450722039985905,0.017231850512874045,0.0988054789923285,0.14426014640178114
43.0,Female,Inc4,0.15610877533068954,0.03673529106213738,0.10189896268078369,0.2061395217233395
43.0,Female,Inc5,0.2305052591338275,0.11537986538820048,0.05950620139283769,0.4067105127685414
44.0,Female,Inc1,0.3204607851422478,0.1345474721664566,0.09977155085406843,0.5177335448034318
44.0,Female,Inc2,0.16948316988886397,0.027683999473887416,0.12409345139153619,0.19989464197933715
44.0,Female,Inc3,0.12445821290810583,0.01726910031372291,0.09888317851889705,0.14452170503825196
44.0,Female,Inc4,0.15586892695480578,0.03681164000195494,0.10147601548564156,0.20603321248102457
44.0,Female,Inc5,0.22972890510597666,0.11512967201094695,0.059064863567492965,0.40528020674032794
45.0,Female,Inc1,0.32139658976958063,0.1347172230831449,0.09674041660012281,0.5155467385403958
45.0,Female,Inc2,0.1696127213589791,0.02759081950464429,0.12432230841590317,0.19984219898333455
45.0,Female,Inc3,0.12440806397501647,0.017307279876415307,0.09889640316137638,0.1447630075444971
45.0,Female,Inc4,0.15562815305304928,0.03688766613562366,0.10105387468237759,0.20592339567337226
45.0,Female,Inc5,0.22895447184337447,0.11488000489372444,0.05862659495726896,0.4038840314821379
46.0,Female,Inc1,0.3223339471349049,0.13488699358301412,0.09703061800514093,0.5172636260159934
46.0,Female,Inc2,0.1697408539506043,0.027498121223446085,0.12455122752255013,0.19978843114721478
46.0,Female,Inc3,0.12435677539498102,0.017346377797239094,0.09864523812148518,0.14459971607891875
46.0,Female,Inc4,0.1553864616080365,0.03696336427041153,0.10080423157289331,0.20581007869662937
46.0,Female,Inc5,0.22818196191147336,0.11463086788121798,0.061202474637651716,0.4054460597805628
47.0,Female,Inc1,0.32327285003170275,0.13505678038572555,0.0973215961581105,0.5189801059981465
47.0,Female,Inc2,0.16986756251970633,0.027405919321763544,0.12721538146340092,0.2024358847521654
47.0,Female,Inc3,0.12430434901377654,0.017386382518516007,0.09882272893203159,0.14485775973323178
47.0,Female,Inc4,0.15514386062224306,0.03703872932489808,0.10063382099472884,0.20569326917698044
47.0,Female,Inc5,0.22741137781257134,0.11438226476621353,0.05924043980675675,0.4026517502468844
48.0,Female,Inc1,0.3242132911897437,0.13522658019062628,0.09559050884535289,0.518667324815571
48.0,Female,Inc2,0.1699928419785139,0.027314228618949544,0.1277159276607231,0.2024626594115409
48.0,Female,Inc3,0.12425078672840176,0.017427282337259067,0.0986719680146968,0.14477779222990417
48.0,Female,Inc4,0.1549003581173879,0.03711375632829752,0.10029602823284478,0.20557297496948995
48.0,Female,Inc5,0.22664272198595278,0.11413419928943154,0.05901427676371862,0.40139187026971335
49.0,Female,Inc1,0.325155263275262,0.13539638967695422,0.10669768770264587,0.5301952329349559
49.0,Female,Inc2,0.1701166872959815,0.027223064059969024,0.12815647578773642,0.20248914968453002
49.0,Female,Inc3,0.12419609048690637,0.017469065413774975,0.09839210200483184,0.14469601236072954
49.0,Female,Inc4,0.1546559621338174,0.03718844041977285,0.10023729092719613,0.2058023986386463
49.0,Female,Inc5,0.22587599680803266,0.11388667513936863,0.05873055753783829,0.4005640420892208
50.0,Female,Inc1,0.32609875889114043,0.135566205504048,0.10703230738092716,0.5309661139918013
50.0,Female,Inc2,0.17023909349824828,0.027132440712959126,0.12911033006548991,0.20298769048228327
50.0,Female,Inc3,0.12414026228821551,0.017511719780199823,0.09808140108317165,0.14466680229503626
50.0,Female,Inc4,0.15441068072988987,0.03726277684774112,0.0996219559803514,0.20559869927107788
50.0,Female,Inc5,0.22511120459250591,0.11363969595214815,0.05775162380357912,0.3989171516652146
51.0,Female,Inc1,0.3270437705770995,0.13573602431156173,0.10760457352167352,0.5319761008980648
51.0,Female,Inc2,0.1703600556690913,0.02704237376661451,0.1296692327012025,0.20300864260675788
51.0,Female,Inc3,0.12408330418194931,0.017555233348956943,0.09811168137314719,0.1447712780409905
51.0,Female,Inc4,0.1541645219813594,0.03733676096916985,0.09918064198796739,0.20561571300374343
51.0,Female,Inc5,0.2243483475905005,0.11339326531137901,0.0560604151299291,0.39575680853679795
52.0,Female,Inc1,0.327990290809893,0.1359058427196847,0.10786734667909313,0.5328985366491564
52.0,Female,Inc2,0.17047956895037378,0.026952878527392823,0.1301056948032544,0.20302704647481057
52.0,Female,Inc3,0.12402521826823733,0.017599593921126075,0.0975035897943527,0.144462327064671
52.0,Female,Inc4,0.1539174939807608,0.03741038824886512,0.0989499318034337,0.2060128403858426
52.0,Female,Inc5,0.22358742799073514,0.1131473867480231,0.05564312155871709,0.3939052982018988
53.0,Female,Inc1,0.3289383120035089,0.13607565732936566,0.10825973089797312,0.5338207475376661
53.0,Female,Inc2,0.17059762854248778,0.026863970416535342,0.12991907102218475,0.20251365193785148
53.0,Female,Inc3,0.12396600669752833,0.01764478919471404,0.09770545527645236,0.14484577558029355
53.0,Female,Inc4,0.1536696048367943,0.03748365425875132,0.09861469895595998,0.20612862674022742
53.0,Female,Inc5,0.22282844791968057,0.11290206374027134,0.0552287524318017,0.3924823897248818
54.0,Female,Inc1,0.3298878265093768,0.1362454647225424,0.1086533686365177,0.5349891282078059
54.0,Female,Inc2,0.17071422970479108,0.026775664966897844,0.1303597464668868,0.20261733016354272
54.0,Female,Inc3,0.12390567167039501,0.017690806772817386,0.09757879206467968,0.1448894851151471
54.0,Female,Inc4,0.15342086267371116,0.037556554677142744,0.09729223372684126,0.2052224263694794
54.0,Female,Inc5,0.22207140944172596,0.11265729971342824,0.05546328282570967,0.3914531943290538
55.0,Female,Inc1,0.3308388266165796,0.1364152614623757,0.10904826263361804,0.5367214933446393
55.0,Female,Inc2,0.17082936775603885,0.026687977819586955,0.1308004026025528,0.2026421110858988
55.0,Female,Inc3,0.12384421543733408,0.017737634171668234,0.09730826576894958,0.14491772593281227
55.0,Female,Inc4,0.15317127563069907,0.0376290852880075,0.09687859702493551,0.20521879330120485
55.0,Female,Inc5,0.22131631455934836,0.11241309803980476,0.0552540238576954,0.3898623921827512
56.0,Female,Inc1,0.33179130455207306,0.1365850440934883,0.10699514573497801,0.535645286132658
56.0,Female,Inc2,0.17094303807480973,0.026600924720397053,0.13124102427632903,0.20266660662562247
56.0,Female,Inc3,0.12378164029856138,0.017785258828555132,0.09692426396467446,0.14478828853101078
56.0,Female,Inc4,0.15292085186126872,0.03770124198022347,0.0964658523504398,0.20524296455894797
56.0,Female,Inc5,0.22056316521328712,0.11216946203862019,0.05504550839726374,0.3882739300562341
57.0,Female,Inc1,0.3327452524809098,0.13675480914220872,0.10828461276379356,0.5375072176374123
57.0,Female,Inc2,0.17105523609992565,0.026514521516043252,0.131407486540928,0.20269081664662797
57.0,Female,Inc3,0.12371794860380243,0.0178336681096114,0.09676611785471723,0.14474878334725266
57.0,Female,Inc4,0.1526695995326406,0.037773020746826834,0.09642391836704245,0.20561838926747683
57.0,Female,Inc5,0.2198119632827215,0.11192639497591217,0.054837734149426276,0.38722125183483636
58.0,Female,Inc1,0.3337006625064693,0.13692455311681972,0.10895968776269946,0.5386700326340077
58.0,Female,Inc2,0.17116595733086654,0.026428784150185826,0.1321221031430167,0.2032006106486383
58.0,Female,Inc3,0.12365314275207823,0.01788284931746392,0.0964947805338211,0.14475280644131444
58.0,Female,Inc4,0.1524175268251327,0.037844417684253326,0.09616835471375151,0.20560226724782482
58.0,Female,Inc5,0.2190627105854532,0.11168390006445543,0.05463069882365579,0.3863830297095253
59.0,Female,Inc1,0.3346575266706939,0.1370942725078116,0.10963845390160047,0.5401813528419577
59.0,Female,Inc2,0.17127519732817875,0.02634372865924182,0.13228918514086396,0.20322005417838962
59.0,Female,Inc3,0.12358722519148628,0.017932789698736053,0.09622327864100044,0.14475490632490845
59.0,Female,Inc4,0.15216464193154905,0.03791542899157205,0.09591315427166391,0.20558141394627166
59.0,Female,Inc5,0.21831540887809198,0.11144198046368899,0.05045117162682422,0.38146093966308225
60.0,Female,Inc1,0.33561583695433045,0.1372639637881401,0.11032092490304121,0.541691934416315
60.0,Female,Inc2,0.17138295171387785,0.026259371167979526,0.12944516556577654,0.20021032226645974
60.0,Female,Inc3,0.12352019841897713,0.017983476451398892,0.09579675630090728,0.1445681187885543
60.0,Female,Inc4,0.15191095305656876,0.03798605096971244,0.09592878933230564,0.20582125528762152
60.0,Female,Inc5,0.21757005985624572,0.11120063927965194,0.050230271394158366,0.37982338741185295
61.0,Female,Inc1,0.336575585277178,0.13743362341348933,0.11100711445869213,0.5432017499704228
61.0,Female,Inc2,0.1714892161718451,0.026175727884891902,0.12994752013631436,0.20034815960403857
61.0,Female,Inc3,0.12345206498012631,0.018034896731965663,0.0958834571073971,0.1447533361201888
61.0,Female,Inc4,0.15165646841613642,0.038056280020684286,0.09540384902570065,0.20554914564543647
61.0,Female,Inc5,0.21682666515471413,0.11095987956492774,0.05013710646696312,0.3782779471920312
62.0,Female,Inc1,0.3375367634983406,0.13760324782253894,0.11169703622808064,0.5447107721737233
62.0,Female,Inc2,0.17159398644821836,0.02609281509734513,0.13388316992931018,0.20421116669302752
62.0,Female,Inc3,0.12338282746890161,0.018087037662524667,0.09540786739610896,0.14457209178916508
62.0,Female,Inc4,0.1514011962368532,0.03812611264679093,0.09514974718687275,0.20571394799957565
62.0,Female,Inc5,0.2160852263476862,0.11071970431859689,0.0500441052331565,0.3768849072463891
63.0,Female,Inc1,0.3384993634164864,0.13777283343723637,0.11225296743176261,0.5463555581073626
63.0,Female,Inc2,0.17169725835177657,0.026010649166498746,0.13432311802921654,0.2042258136089899
63.0,Female,Inc3,0.12331248852742607,0.01813988633760662,0.09513578888827445,0.1443875082902728
63.0,Female,Inc4,0.1511451447553692,0.03819554544983598,0.09479535337263223,0.20578208192047104
63.0,Female,Inc5,0.21534574494894174,0.11048011648619811,0.049951267438876124,0.3758139700603953
64.0,Female,Inc1,0.3394633767701123,0.1379423766630733,0.10914780895906108,0.544240759819059
64.0,Female,Inc2,0.17179902775431835,0.025929246521993986,0.13476290700878563,0.20423894557689687
64.0,Female,Inc3,0.12324105084573622,0.018193429830882926,0.09486358645131021,0.1444793052191855
64.0,Female,Inc4,0.15088832221777682,0.03826457513032347,0.09418316893429146,0.20553070484770586
64.0,Female,Inc5,0.2146082224120563,0.11024111895969813,0.049828007906402405,0.3747442458487009
65.0,Female,Inc1,0.34042879523781416,0.13811187388936724,0.10972009125822445,0.5460135343476459
65.0,Female,Inc2,0.1718992905910341,0.025848623656407485,0.13195435034782182,0.20096542072025403
65.0,Female,Inc3,0.12316851716153625,0.01824765520169185,0.09454143731054054,0.14438144351463428
65.0,Female,Inc4,0.15063073687900558,0.03833319848665182,0.09398399844258243,0.2056131876827636
65.0,Female,Inc5,0.2138726601306099,0.11000271457746963,0.05025472219313276,0.3741599201248472
66.0,Female,Inc1,0.3413956104385629,0.13828132148954708,0.1102950026427044,0.5481046559254191
66.0,Female,Inc2,0.171998042860872,0.02576879711946749,0.13231036024759601,0.20098580293889234
66.0,Female,Inc3,0.12309489025994746,0.018302549501389997,0.09397721129020947,0.14398476580435898
66.0,Female,Inc4,0.15037239700221788,0.038401412414301554,0.09363127387642978,0.20569473547492095
66.0,Female,Inc5,0.21313905943839973,0.10976490612427772,0.05010007482028178,0.3728290729515993
67.0,Female,Inc1,0.3423638139319861,0.13845071582144367,0.12662666548682197,0.5657892757162851
67.0,Female,Inc2,0.17209528062689805,0.02568978351203026,0.13471364817208478,0.20331978381528498
67.0,Female,Inc3,0.12302017297325372,0.018358099779527244,0.0939863730001782,0.14407234574562922
67.0,Female,Inc4,0.1501133108582065,0.038469213905016945,0.09194266438158272,0.2044290147911248
67.0,Female,Inc5,0.21240742160965562,0.1095276963312748,0.04945761770477819,0.3709637917749544
68.0,Female,Inc1,0.34333339721865525,0.1386200532275845,0.12772602996309146,0.5667513422722896
68.0,Female,Inc2,0.17219100001664908,0.025611599479814697,0.13518649208402933,0.20324210281961075
68.0,Female,Inc3,0.12294436818064236,0.018414293089843308,0.09371461660025848,0.14406155310684288
68.0,Female,Inc4,0.1498534867247933,0.0385366000459819,0.09158498607996202,0.20438708429236857
68.0,Female,Inc5,0.21167774785926002,0.10929108787600368,0.049334735333688595,0.3696719474678728
69.0,Female,Inc1,0.34430435174037893,0.13878933003549315,0.128223081683661,0.5681627695792665
69.0,Female,Inc2,0.17228519722247984,0.025534261706893574,0.13544332362708827,0.20322755604795284
69.0,Female,Inc3,0.12286747880794092,0.01847111649608503,0.09350099432755488,0.14405013536925815
69.0,Female,Inc4,0.14959293288622938,0.038603568018990016,0.09137266700408186,0.2044746661082285
69.0,Female,Inc5,0.2109500393429709,0.10905508338240902,0.04921214246917194,0.3688481429767486
70.0,Female,Inc1,0.34527666888050085,0.1389585425579929,0.12813448872856986,0.5692065746971784
70.0,Female,Inc2,0.17237786850190367,0.02545778690894015,0.13549912540237374,0.2029970101615307
70.0,Female,Inc3,0.12278950782734986,0.018528557077643587,0.09417204903007112,0.1448334093656466
70.0,Female,Inc4,0.14933165763259734,0.03867011509960894,0.09099932850355563,0.2045707549476805
70.0,Female,Inc5,0.2102242971576483,0.1088196854208569,0.049089838507636374,0.3677338796491981
71.0,Female,Inc1,0.3462503399642045,0.139127687093515,0.1258195473179375,0.5675785727392365
71.0,Female,Inc2,0.17246901017792618,0.025382191826229427,0.1349258384826566,0.2021401053111458
71.0,Female,Inc3,0.1227104582571708,0.01858660193501133,0.09412703253792853,0.14478444759031278
71.0,Female,Inc4,0.14906966925921442,0.03873623865633939,0.09104048905606066,0.2049632424980985
71.0,Female,Inc5,0.2095005223414841,0.1085848965081629,0.049646702264417364,0.367340034292146
72.0,Female,Inc1,0.3472253562588222,0.13929675992641075,0.12725133540817077,0.5695078970004745
72.0,Female,Inc2,0.17255861863937316,0.02530749321639386,0.13468127299072305,0.20213449320540017
72.0,Female,Inc3,0.12263033316153102,0.018645238195058294,0.09392363957624306,0.14473406447990073
72.0,Female,Inc4,0.14880697606603793,0.038801936149768734,0.09084058684279217,0.20488120765097828
72.0,Female,Inc5,0.20877871587423566,0.10835071910762792,0.04954604579186983,0.36623119629948475
73.0,Female,Inc1,0.348201708974151,0.13946575732726854,0.12794098210083604,0.5702488863902826
73.0,Female,Inc2,0.17264669034121102,0.025233707846933632,0.13361799095947605,0.20066045951038886
73.0,Female,Inc3,0.12254913565010356,0.018704453016128948,0.09486862347594216,0.14576029401479274
73.0,Female,Inc4,0.14854358635707235,0.03886720513171934,0.0903140191955043,0.20489364052943143
73.0,Female,Inc5,0.20805887867746212,0.10811715562908253,0.04944558277800548,0.3654200009305201
74.0,Female,Inc1,0.34917938926277253,0.13963467555323447,0.1286338154976455,0.571732238588657
74.0,Female,Inc2,0.17273322180486136,0.025160852487482267,0.13639268314329084,0.20310388703909515
74.0,Female,Inc3,0.12246686887782358,0.018764233592959707,0.09365244708954201,0.14464598088091063
74.0,Female,Inc4,0.14827950843977816,0.0389320432443919,0.09328195041608056,0.20829677567234794
74.0,Female,Inc5,0.20734101161476434,0.10788420842893903,0.049950029364477344,0.36489428911481814
75.0,Female,Inc1,0.35015838822037987,0.1398035108483376,0.12795282587615187,0.5718325839635644
75.0,Female,Inc2,0.1728182096185083,0.02508894390182904,0.13633030419022465,0.2027465218228776
75.0,Female,Inc3,0.12238353604460067,0.01882456716141858,0.09350244270192276,0.14457440715235775
75.0,Female,Inc4,0.14801475062448283,0.038996448219503814,0.09296783373205164,0.20833886370137178
75.0,Female,Inc5,0.20662511549202833,0.10765187981025182,0.04924523581151141,0.3630598927804597
76.0,Female,Inc1,0.3511386968861087,0.1399722594438189,0.1284909455818817,0.5730869332444823
76.0,Female,Inc2,0.17290165043739955,0.025017998839699882,0.13666216764121294,0.20270378445946075
76.0,Female,Inc3,0.12229914039502705,0.018885441003068118,0.09349933490878515,0.14470182649104896
76.0,Female,Inc4,0.14774932122379345,0.03906041787742263,0.09163171898910083,0.20710847587883124
76.0,Female,Inc5,0.20591119105767117,0.10742017202278548,0.04914535120243446,0.36234050608738644
77.0,Female,Inc1,0.35212030624287455,0.14014091755846494,0.13073152319776069,0.5761744648727216
77.0,Female,Inc2,0.1729835409841404,0.0249480340282994,0.1373229068222031,0.20298899975273005
77.0,Female,Inc3,0.12221368521808232,0.018946842449553414,0.09304294601782259,0.1445093555930228
77.0,Female,Inc4,0.14748322855201199,0.03912395012629504,0.09138329939931544,0.20694562233617914
77.0,Female,Inc5,0.20519923900289075,0.10718908726309098,0.04866855794587177,0.3609845668867805
78.0,Female,Inc1,0.35310320721771504,0.14030948139894467,0.13120597052702676,0.5776525123096478
78.0,Female,Inc2,0.17306387804898088,0.024879066163617115,0.13771824928524892,0.2029439367035899
78.0,Female,Inc3,0.12212717384683396,0.019008758886817054,0.0931468754280197,0.14490950651193446
78.0,Female,Inc4,0.147216480924552,0.039187042961171134,0.09113526910572822,0.20680368853623504
78.0,Female,Inc5,0.20448925996191814,0.10695862767458947,0.04684912406609598,0.3582451238286173
79.0,Female,Inc1,0.3540873906821377,0.14047794716015083,0.11801179495618778,0.5651233880368013
79.0,Female,Inc2,0.1731426584900966,0.024811111901501776,0.13800555975313306,0.20289549473405183
79.0,Female,Inc3,0.12203960965813426,0.019071177759143104,0.09249951447634908,0.1444803836055097
79.0,Female,Inc4,0.14694908665735817,0.03924969446312435,0.09082874598628377,0.2067905192744085
79.0,Female,Inc5,0.20378125451227322,0.10672879534766416,0.046571919777441906,0.3566525244699442
81.0,Female,Inc1,0.35605956829023366,0.14081456916750693,0.13357360652514472,0.5820782182050316
81.0,Female,Inc2,0.17329553727511698,0.02467831055252125,0.13798029130974143,0.20245214460678462
81.0,Female,Inc3,0.12186133655287022,0.019197472900912747,0.09192524012392134,0.14450933759195034
81.0,Female,Inc4,0.1464123914667344,0.039373666217362706,0.08976952351425493,0.20680477426122446
81.0,Female,Inc5,0.20237116641504474,0.10627102057548908,0.046022184970469726,0.35384871906934157
82.0,Female,Inc1,0.35704754390247606,0.14098271774768611,0.13429224487910585,0.5835505581092427
82.0,Female,Inc2,0.17336962967742728,0.0246134964931649,0.1382538684846311,0.20272992803592893
82.0,Female,Inc3,0.12177063460615527,0.019261324384683403,0.0913515641175422,0.1442734209148237
82.0,Female,Inc4,0.14614310717265444,0.039434983053932275,0.08893151001921074,0.20650857858281046
82.0,Female,Inc5,0.20166908464128697,0.10604308204674874,0.04764450688086597,0.3546206961893651
83.0,Female,Inc1,0.3580367649421714,0.1411507529173593,0.12003149431229475,0.5698866973904787
83.0,Female,Inc2,0.17344215357333656,0.024549762071999517,0.13718668141227283,0.20149876236956565
83.0,Female,Inc3,0.12167889378105605,0.019325628739102374,0.09109668305130025,0.14422956263017533
83.0,Female,Inc4,0.14587320949639576,0.039495851724359196,0.0887173274089117,0.20651676552614961
83.0,Female,Inc5,0.20096897820704016,0.10581577861284036,0.047525904127029395,0.3529788502195612
18.0,Male,Inc1,0.2924096745057498,0.12967719293133237,0.08297214603547677,0.48131260850340335
18.0,Male,Inc2,0.16476337855545403,0.030530517156387056,0.11817640184551612,0.20162534600790005
18.0,Male,Inc3,0.12543293334305597,0.016570137456961564,0.10085378451999805,0.1458222928820554
18.0,Male,Inc4,0.16286317159444466,0.03461325676926927,0.11200085748528621,0.20955423725160222
18.0,Male,Inc5,0.2545308420012955,0.12273073793723112,0.06593262824569468,0.4367905120335023
19.0,Male,Inc1,0.2914242197701964,0.12941746624284434,0.08278958689722676,0.48027206861042393
19.0,Male,Inc2,0.16459040970977706,0.030625075915023427,0.11786299242308959,0.20165549747476647
19.0,Male,Inc3,0.12546110189867454,0.01654810697249086,0.10075177486321862,0.14564114761312297
19.0,Male,Inc4,0.1631041121798477,0.034507116450968794,0.11254295796942304,0.2095430099552532
19.0,Male,Inc5,0.2554201564415044,0.12293718404893349,0.06635097701205317,0.43776972617064625
20.0,Male,Inc1,0.29044069069113115,0.1291578550175172,0.08043338766150802,0.47685743262550273
20.0,Male,Inc2,0.1644158717973687,0.030719712795377257,0.11777072391561152,0.2017738693930899
20.0,Male,Inc3,0.12548791222076996,0.016527398890465693,0.1013145341005405,0.1463443455164346
20.0,Male,Inc4,0.16334385402925625,0.03440080110167271,0.11330681500984308,0.20972611467182356
20.0,Male,Inc5,0.25631167126147386,0.12314375991460241,0.06677179048671988,0.4387494254200006
22.0,Male,Inc1,0.28847944255831987,0.128639003932972,0.07942108016556476,0.4726605345782405
22.0,Male,Inc2,0.16406211704819765,0.030909167976119502,0.11705540777406825,0.201626071800861
22.0,Male,Inc3,0.1255374508218217,0.01648996996854438,0.10182262211112736,0.14639608212703997
22.0,Male,Inc4,0.16381970223563094,0.03418768576690228,0.11417520864069197,0.20978140788054017
22.0,Male,Inc5,0.2581012873360298,0.12355728653483654,0.06762086002139922,0.4407102496305456
23.0,Male,Inc1,0.28750173981332566,0.12837977642831241,0.07886657804690769,0.47096700441521133
23.0,Male,Inc2,0.1638829145370811,0.03100396034844575,0.11644160161208741,0.20144136965739862
23.0,Male,Inc3,0.1255601756041543,0.016473257944183986,0.1020044727344891,0.1464189614852433
23.0,Male,Inc4,0.16405578901394516,0.03408090634627906,0.11472121362965437,0.2098084213443568
23.0,Male,Inc5,0.2589993810314937,0.12376423004144761,0.06804914038290788,0.44189918856920685
24.0,Male,Inc1,0.28652599534182366,0.12812068909522248,0.07831561800105069,0.47011222550411336
24.0,Male,Inc2,0.16370217160911255,0.03109877898372464,0.11629731361279277,0.2016013728372693
24.0,Male,Inc3,0.12558153516034148,0.016457885943257162,0.10210492248511702,0.1464756189687717
24.0,Male,Inc4,0.16429063790069207,0.0339739930246297,0.11495604243560431,0.20983501242835884
24.0,Male,Inc5,0.2598996599880302,0.12397128880675856,0.06847993405498509,0.4434614050659892
25.0,Male,Inc1,0.2855522170779069,0.1278617479756573,0.07776818199147978,0.4692576218828197
25.0,Male,Inc2,0.16351989561164462,0.031193611456330043,0.11598449062549493,0.20158749950253024
25.0,Male,Inc3,0.12560152791812554,0.016443857150033943,0.101486525454629,0.14586852361026953
25.0,Male,Inc4,0.16452423917402284,0.03386695642139526,0.11515773035771859,0.20986118092208683
25.0,Male,Inc5,0.2608021202183002,0.12417845914678917,0.07044769859778865,0.44655042340703055
26.0,Male,Inc1,0.28458041286714036,0.1276029590568536,0.07722425200897598,0.4684031985260204
26.0,Male,Inc2,0.16333609396453547,0.031288445553328104,0.11567178478440746,0.20157261062429305
26.0,Male,Inc3,0.12562015237620586,0.016431174252434025,0.10158561673308153,0.14560401902249653
26.0,Male,Inc4,0.16475658314064598,0.03375980729099752,0.11535951606544403,0.20988692661838898
26.0,Male,Inc5,0.26170675765147233,0.12438573735414696,0.07081238276127877,0.4474731566627307
27.0,Male,Inc1,0.28361059046634535,0.12734432827102357,0.08134222341023242,0.47195466433132666
27.0,Male,Inc2,0.16315077415940782,0.03138326927287559,0.11535485082219768,0.20155670649643004
27.0,Male,Inc3,0.12563740710452403,0.016419839439140816,0.10236728152490349,0.14600909959777597
27.0,Male,Inc4,0.16498766013670182,0.03365255652290545,0.11556139840449009,0.20991224931342578
27.0,Male,Inc5,0.262613568133021,0.12459311969835904,0.07117881021407158,0.44870456580644724
28.0,Male,Inc1,0.28264275754339446,0.12708586149506296,0.07944524280405274,0.4682773694729507
28.0,Male,Inc2,0.1629639437588984,0.03147807082254893,0.11499199239948146,0.2015397874328182
28.0,Male,Inc3,0.12565329074454093,0.016409854397358103,0.10229085000981353,0.14579758062170017
28.0,Male,Inc4,0.16521746052863867,0.033545215141681226,0.11533745044255805,0.20933706470894237
28.0,Male,Inc5,0.2635225474245276,0.12480060242620702,0.07154698779050961,0.4507102204153072
29.0,Male,Inc1,0.2816769216770161,0.12682756455027253,0.0793225074682455,0.46654962642200953
29.0,Male,Inc2,0.16277561039589822,0.03157283861760835,0.11462945101487872,0.20152185376732745
29.0,Male,Inc3,0.12566780200950525,0.01640122031121739,0.10280201812623646,0.14595271264404946
29.0,Male,Inc4,0.16544597471409142,0.03343779430700545,0.11576143404357375,0.20930254464354536
29.0,Male,Inc5,0.264433691203489,0.12500818176206424,0.07067203072972172,0.4512886673480969
30.0,Male,Inc1,0.28071309035660924,0.12656944320209285,0.07919994543336686,0.4649874070874559
30.0,Male,Inc2,0.16258578177278382,0.03166756127920156,0.11411620348418272,0.20150290585380554
30.0,Male,Inc3,0.12568093968471428,0.01639393786084215,0.10290032388725512,0.1459954914030538
30.0,Male,Inc4,0.16567319312276196,0.03333030531368063,0.11616761359089456,0.20926570188737015
30.0,Male,Inc5,0.26534699506313064,0.12521585390823559,0.0711181618301957,0.4528571433906923
31.0,Male,Inc1,0.2797512709820678,0.12631150315985282,0.07907755650510126,0.46413395952176006
31.0,Male,Inc2,0.16239446566063898,0.03176222763251113,0.11356066383881716,0.2014829440660647
31.0,Male,Inc3,0.12569270262776563,0.016388007222072842,0.10269960026694383,0.14608725540675194
31.0,Male,Inc4,0.16589910621730183,0.03322275959161243,0.11636987081132322,0.20900403402932194
31.0,Male,Inc5,0.2662624545122257,0.12542361504529956,0.07156689234049207,0.4544494016399616
32.0,Male,Inc1,0.2787914708636153,0.12605375007653136,0.07880058148152505,0.46328072197606257
32.0,Male,Inc2,0.16220166989846801,0.03185682670484976,0.11270158076397888,0.2009959871974169
32.0,Male,Inc3,0.125703089768801,0.016383428066854906,0.10350836421480725,0.14680293826043062
32.0,Male,Inc4,0.16612370449419608,0.033115168705767944,0.11688544714309812,0.20918505480637734
32.0,Male,Inc5,0.2671800649749196,0.12563146133245232,0.07663564160213132,0.4604224657736268
33.0,Male,Inc1,0.2778336972216489,0.12579618954853228,0.07850035064538595,0.4624276993931067
33.0,Male,Inc2,0.16200740239240013,0.031951347723707176,0.1124517668931313,0.20093747692875152
33.0,Male,Inc3,0.1257121001107408,0.01638019956428954,0.10381181639882076,0.14695427445236464
33.0,Male,Inc4,0.1663469784846497,0.0330075443561101,0.11738381777615992,0.20914125398430355
33.0,Male,Inc5,0.26809982179056047,0.12583938890785365,0.08424280474399481,0.4688525514542208
34.0,Male,Inc1,0.276877957186594,0.12553882711547237,0.07557265215021453,0.45857027287740415
34.0,Male,Inc2,0.16181167111488545,0.0320457801147526,0.1119955875580377,0.20097708229690292
34.0,Male,Inc3,0.12571973272951031,0.016378320382345078,0.10331700042645348,0.14653881514512718
34.0,Male,Inc4,0.16656891875547472,0.03289989837750754,0.11788271885511425,0.20909513747662473
34.0,Male,Inc5,0.26902172021353543,0.12604739388897457,0.08395081882370392,0.46921193763273694
35.0,Male,Inc1,0.27592425779876817,0.12528166825998258,0.07858972797400127,0.4608764041230177
35.0,Male,Inc2,0.16161448410388243,0.03214011349979636,0.1121132523915945,0.2013929663470153
35.0,Male,Inc3,0.12572598677425698,0.0163777886902248,0.10341136172936904,0.14675064140791827
35.0,Male,Inc4,0.16678951590997956,0.03279224273961886,0.11831445260688733,0.20909087904997503
35.0,Male,Inc5,0.26994575541311283,0.12625547237294632,0.08436364750895675,0.46973922277194646
36.0,Male,Inc1,0.27497260600825524,0.12502471840752202,0.07811792068143772,0.45986997077214087
36.0,Male,Inc2,0.1614158494620373,0.032234337694714135,0.11160786252121435,0.20136794149298654
36.0,Male,Inc3,0.12573086146755852,0.016378602161384776,0.10320232992493411,0.14672099707433223
36.0,Male,Inc4,0.1670087605888591,0.032684589546750464,0.1187413765296953,0.2091662396263233
36.0,Male,Inc5,0.2708719224732898,0.1264636204369107,0.08477831840178462,0.470742939913675
37.0,Male,Inc1,0.2740230086747889,0.12476798292620468,0.07730986597800125,0.45798841540219976
37.0,Male,Inc2,0.16121577535585546,0.032328442707337195,0.11110303998574395,0.20134190542594316
37.0,Male,Inc3,0.12573435610562245,0.01638075797719346,0.10261209673132912,0.1461437935737916
37.0,Male,Inc4,0.16722664347108648,0.03257695103768689,0.11873507883210146,0.20924023396245633
37.0,Male,Inc5,0.2718002163926467,0.1266718341383716,0.08511685335281238,0.4719323747700934
38.0,Male,Inc1,0.2730754725676464,0.12451146712663926,0.07684853971614619,0.45654546673862384
38.0,Male,Inc2,0.161014270014865,0.032422418735311986,0.10958115210859838,0.2002071625497362
38.0,Male,Inc3,0.12573647005847596,0.016384252831222617,0.10332335670986204,0.14667517172727196
38.0,Male,Inc4,0.16744315527480552,0.032469339585492536,0.11959634493838156,0.21016282590187635
38.0,Male,Inc5,0.27273063208420706,0.1268801095155471,0.08430852828855895,0.47168758653049536
39.0,Male,Inc1,0.27213000436555235,0.12425517626178104,0.06799788569122392,0.4469767945819656
39.0,Male,Inc2,0.1608113417307726,0.032516256163931986,0.11041848889053352,0.20128680172497898
39.0,Male,Inc3,0.12573720277014683,0.016389082934157462,0.1032658368589742,0.14672015686425433
39.0,Male,Inc4,0.16765828675822475,0.03236176769728373,0.12002436732711419,0.2101830578920707
39.0,Male,Inc5,0.27366316437530347,0.12708844258772262,0.08481107165495738,0.4731065152100813
40.0,Male,Inc1,0.27118661065659105,0.12399911552679672,0.06774032463756345,0.44610003739741694
40.0,Male,Inc2,0.16060699885661195,0.03260994556394499,0.10998965536883534,0.20125773517666684
40.0,Male,Inc3,0.12573655375883505,0.01639524401931163,0.10336083725865708,0.14679498725272128
40.0,Male,Inc4,0.16787202872051157,0.03225424801396985,0.12045273361529862,0.21020286453389075
40.0,Male,Inc5,0.27459780800745043,0.12729682935560416,0.08560518586413435,0.47488465528572354
41.0,Male,Inc1,0.2702452979381302,0.12374329005894133,0.07786314538099809,0.4556118488084819
41.0,Male,Inc2,0.16040124980588505,0.03270347768933859,0.10850004296305474,0.2002045668437903
41.0,Male,Inc3,0.1257345226170748,0.016402731348731305,0.102938956390486,0.14650045442576354
41.0,Male,Inc4,0.1680843720026877,0.032146793309962174,0.12021288010403719,0.20952251109270642
41.0,Male,Inc5,0.2755345576362223,0.12750526580167215,0.08576852686813774,0.47594565343621054
42.0,Male,Inc1,0.269306072616753,0.12348770493744743,0.06898361687459983,0.44584905171411615
42.0,Male,Inc2,0.1601941030516963,0.032796843475106634,0.10858814089552984,0.20054931319190566
42.0,Male,Inc3,0.1257311090118872,0.01641153971987064,0.10288979550924082,0.14677696152828823
42.0,Male,Inc4,0.16829530748852506,0.03203941649284926,0.12080815084591146,0.2095896461717055
42.0,Male,Inc5,0.2764734078311385,0.12771374789053533,0.0859321502492928,0.4773658173319393
43.0,Male,Inc1,0.2683689410082006,0.1232323651834264,0.06849656490715662,0.4442635284523153
43.0,Male,Inc2,0.15998556712587958,0.03289003403499927,0.10788088608909117,0.20017925424732785
43.0,Male,Inc3,0.12572631268492326,0.016421663472819287,0.10198707593356349,0.1458719544550544
43.0,Male,Inc4,0.16850482610544187,0.03193213060303725,0.12140391908642045,0.20965540403104588
43.0,Male,Inc5,0.27741435307555473,0.1279222715692842,0.08694901014643164,0.4791059073022951
44.0,Male,Inc1,0.2674339093373236,0.1229772757597818,0.0680127005114585,0.4431035158852004
44.0,Male,Inc2,0.15977565061811896,0.032983040659259236,0.10758684668672765,0.20017572402849443
44.0,Male,Inc3,0.12572013345259736,0.01643309649806125,0.10185435922670544,0.14578677087644826
44.0,Male,Inc4,0.16871291882539946,0.031824948813353675,0.12197374334232858,0.20971978296275912
44.0,Male,Inc5,0.2783573877665607,0.12813083276784473,0.08723794814264096,0.4802665909331548
45.0,Male,Inc1,0.26650098373804393,0.12272244157113445,0.07893998347019418,0.4533042655216242
45.0,Male,Inc2,0.15956436217506265,0.033075854812346525,0.10733858394508536,0.20034999991459995
45.0,Male,Inc3,0.12571257120621065,0.016445832244742775,0.10162720055076535,0.14574870972754583
45.0,Male,Inc4,0.16891957666579896,0.03171788442861316,0.12212256104081409,0.20978278129396644
45.0,Male,Inc5,0.2793025062148837,0.1283394273993309,0.08432269515043334,0.47812950809071
46.0,Male,Inc1,0.26557017025332574,0.12246786746375925,0.0784379980254571,0.4516401074024986
46.0,Male,Inc2,0.1593517104994308,0.03316846813065409,0.10710092613208456,0.20033824144674217
46.0,Male,Inc3,0.1257036259120652,0.01645986372942592,0.1013394029843066,0.1457416118601585
46.0,Male,Inc4,0.16912479069037833,0.031610950885143346,0.12223893036903066,0.20984439738696875
46.0,Male,Inc5,0.2802497026447999,0.12854805136039715,0.0846626510974331,0.4791504565039455
47.0,Male,Inc1,0.2646414748351554,0.12221355822553367,0.07714271783313743,0.44849068377599616
47.0,Male,Inc2,0.15913770434911706,0.03326087242021651,0.10647599639716956,0.20019220874936067
47.0,Male,Inc3,0.12569329761156744,0.01647518354530293,0.1011724361152582,0.14578041932698843
47.0,Male,Inc4,0.16932855201010893,0.031504161750269294,0.12222283793989155,0.20984574315869664
47.0,Male,Inc5,0.2811989711940512,0.12875670053158944,0.08494663326304697,0.48024034569900986
48.0,Male,Inc1,0.263714903344532,0.12195951858589749,0.07702324204812754,0.4469686858480694
48.0,Male,Inc2,0.15892235253628428,0.033353059654413895,0.10606890842126605,0.20010586087316862
48.0,Male,Inc3,0.12568158642132254,0.016491783871845855,0.10187811979764705,0.14652494162785873
48.0,Male,Inc4,0.16953085178409216,0.03139753072175443,0.1222983355839029,0.209963476483985
48.0,Male,Inc5,0.28215030591376905,0.12896537077769557,0.0869198415358513,0.4831268034181191
49.0,Male,Inc1,0.26279046155146624,0.12170575321582397,0.07690393588298491,0.4454476812195148
49.0,Male,Inc2,0.1587056639264547,0.033445021971673,0.1054953817531603,0.2000145558801107
49.0,Male,Inc3,0.12566849253321802,0.016509656484864695,0.10183973300173599,0.1463654952600082
49.0,Male,Inc4,0.1697316812204556,0.031291071627196264,0.11908777424397488,0.20647001446073693
49.0,Male,Inc5,0.2831037007684054,0.12917405794809408,0.08677024537921052,0.48393126160872857
50.0,Male,Inc1,0.2618681551349896,0.12145226672780218,0.07678479914464176,0.4439276977029995
50.0,Male,Inc2,0.1584876474375942,0.03353675167316744,0.10492309255299052,0.19994229460781887
50.0,Male,Inc3,0.12565401621449765,0.01652879276694656,0.10162725152791341,0.1463325232655326
50.0,Male,Inc4,0.1699310315772486,0.031184798423374738,0.11939131907776068,0.20652172817958886
50.0,Male,Inc5,0.28405914963566986,0.12938275787710157,0.08725134805020818,0.48473580308542585
51.0,Male,Inc1,0.26094798968317184,0.12119906367583026,0.0766658316401011,0.44240876303519955
51.0,Male,Inc2,0.15826831203919187,0.03362824122051895,0.10435206402519212,0.19981711064990737
51.0,Male,Inc3,0.12563815780782503,0.016549183718247866,0.10238722422797852,0.1472092486601374
51.0,Male,Inc4,0.17012889416333726,0.03107872519555108,0.11965427312442845,0.20630523795670697
51.0,Male,Inc5,0.28501664630647394,0.1295914663843184,0.08741752976874717,0.4859638525287391
52.0,Male,Inc1,0.26002997069314826,0.12094614855541957,0.07654703317643714,0.4408909048748156
52.0,Male,Inc2,0.1580476667513339,0.0337194832335012,0.10424882857157261,0.1998323046642092
52.0,Male,Inc3,0.12562091773133713,0.016570819967610808,0.10259283243643164,0.14726561758328
52.0,Male,Inc4,0.17032526033929843,0.030972866156715073,0.1200945355978762,0.20644628963154898
52.0,Male,Inc5,0.28597618448488227,0.12980017927497284,0.08758399763070557,0.4877832479035771
53.0,Male,Inc1,0.2591141035711566,0.12069352580360958,0.0764167009003099,0.4393741508006012
53.0,Male,Inc2,0.15782572064377273,0.033810470487748205,0.10409961724565146,0.19977028391028795
53.0,Male,Inc3,0.12560229647868718,0.016593691783975132,0.10223547026734384,0.14731933037822614
53.0,Male,Inc4,0.170520121518313,0.03086723564677829,0.1204104088127147,0.20658253731874177
53.0,Male,Inc5,0.28693775778807046,0.13000889234026264,0.0892819112779415,0.4909975210197023
54.0,Male,Inc1,0.258200393632582,0.12044119979899333,0.0760267645759332,0.4378585283094043
54.0,Male,Inc2,0.15760248283499212,0.03390119591246853,0.10372805368918786,0.19970358676722394
54.0,Male,Inc3,0.12558229461907766,0.0166177890880559,0.10117809543947931,0.1462778937048082
54.0,Male,Inc4,0.17071346916705754,0.03076184813171103,0.12076012237045353,0.20671660468406716
54.0,Male,Inc5,0.2879013597462906,0.13021760135769486,0.08991999512933713,0.49219054010112884
55.0,Male,Inc1,0.25728884610201225,0.12018917486175332,0.07563865504958112,0.4363440648142193
55.0,Male,Inc2,0.15737796249126668,0.033991652588167026,0.10322417472095442,0.1996698136355125
55.0,Male,Inc3,0.12556091279728268,0.016643101464257803,0.1012496103560992,0.1462869717599386
55.0,Male,Inc4,0.17090529480659536,0.030656718202620382,0.12196031559432607,0.2075961882783386
55.0,Male,Inc5,0.28886698380284304,0.13042630209142297,0.09032907609327856,0.4935814566176323
56.0,Male,Inc1,0.256379466113301,0.11993745525370758,0.07525236542348956,0.4348307876422553
56.0,Male,Inc2,0.15715216882571795,0.03408183374437546,0.10272124257501372,0.1996531270113801
56.0,Male,Inc3,0.12553815173365984,0.016669618172796555,0.10107483254496519,0.14611791055123835
56.0,Male,Inc4,0.17109559001326533,0.03055186057476687,0.12253808094240892,0.20772893215036703
56.0,Male,Inc5,0.28983462331405585,0.1306349902925816,0.09061492752245326,0.49551465369852543
57.0,Male,Inc1,0.25547225870964047,0.11968604517836605,0.07486788880887942,0.4333944704858816
57.0,Male,Inc2,0.15692511109736632,0.0341717327573934,0.10221927429278874,0.1994755004717444
57.0,Male,Inc3,0.12551401222415182,0.01669732816199806,0.10099583032305584,0.14630262959450635
57.0,Male,Inc4,0.17128434641956986,0.030447290086516955,0.12311628958740228,0.20790087312722594
57.0,Male,Inc5,0.29080427154927146,0.13084366169961845,0.08543695958770614,0.4917246481208747
58.0,Male,Inc1,0.25456722884364347,0.11943494878099668,0.07448521832614169,0.43264963698121583
58.0,Male,Inc2,0.15669679861017868,0.03426134314804062,0.10181414666810412,0.1994106657744572
58.0,Male,Inc3,0.1254884951402774,0.01672622008074621,0.10086880435124837,0.14630920902114286
58.0,Male,Inc4,0.17147155571506018,0.03034302169822867,0.1236376108092353,0.20806910045758104
58.0,Male,Inc5,0.29177592169084027,0.13105231203862305,0.10575523523566777,0.512831190829496
59.0,Male,Inc1,0.253664381377433,0.11918417014870165,0.07410434710501977,0.43190510779143054
59.0,Male,Inc2,0.156467240712113,0.034350658579422245,0.1015729260289276,0.1996006888980797
59.0,Male,Inc3,0.12546160142911178,0.016756282291050528,0.10063329586620948,0.14615428912302786
59.0,Male,Inc4,0.17165720964722062,0.030239070491067496,0.12403274429529465,0.20833552453568788
59.0,Male,Inc5,0.2927495668341217,0.13126093702365296,0.10649137655759888,0.5138761828408422
60.0,Male,Inc1,0.2527637210827421,0.11893371331050297,0.07372526828478929,0.4313353616562891
60.0,Male,Inc2,0.15623644679415893,0.034439672854707844,0.10117437786640032,0.19969567362891766
60.0,Male,Inc3,0.1254333321132564,0.01678750288070538,0.1005034184563347,0.1463198681518123
60.0,Male,Inc4,0.17184130002235004,0.03013545166574943,0.12442516471352649,0.20839436612212214
60.0,Male,Inc5,0.29372519998749247,0.13146953235705608,0.1072320275610521,0.5153817819646611
61.0,Male,Inc1,0.2518652526410212,0.11868358223743776,0.0733479750144358,0.4305456913970917
61.0,Male,Inc2,0.1560044262893758,0.03452837991492541,0.10070045572437665,0.19956374965905327
61.0,Male,Inc3,0.12540368829079845,0.01681986967601291,0.10048719517302176,0.1465719406318604
61.0,Male,Inc4,0.17202381870644148,0.030032180541208327,0.12523556925461632,0.20870429179759176
61.0,Male,Inc5,0.29470281407236304,0.13167809372979006,0.10797720730672056,0.5174057578674309
62.0,Male,Inc1,0.2509689806435549,0.11843378084266282,0.07297246045283,0.4296733784604594
62.0,Male,Inc2,0.15577118867192696,0.034616773836771454,0.10009436972002238,0.19926901568292493
62.0,Male,Inc3,0.12537267113525896,0.016853370254542595,0.10024446189628858,0.14632719354958046
62.0,Male,Inc4,0.17220475762605883,0.029929272553184245,0.12575022072007958,0.20870463558308083
62.0,Male,Inc5,0.29568240192320033,0.13188661682173777,0.10872693481471174,0.5194291628207148
63.0,Male,Inc1,0.2500749095915868,0.11818431298156855,0.07252549766489723,0.4289300988515617
63.0,Male,Inc2,0.15553674345611188,0.034704848830437965,0.09975569745638349,0.19924972475446873
63.0,Male,Inc3,0.12534028189553112,0.016887991957900955,0.10008184216378366,0.14644746464941533
63.0,Male,Inc4,0.17238410876921137,0.02982674325272951,0.12626513542447637,0.20885411862512226
63.0,Male,Inc5,0.29666395628755887,0.13209509730201932,0.09520415470353216,0.507238445549429
64.0,Male,Inc1,0.24918304389645315,0.11793518245190163,0.07350444194402794,0.4294672762066308
64.0,Male,Inc2,0.15530110019539534,0.03479259923745731,0.09950326761804294,0.19942757794856286
64.0,Male,Inc3,0.1253065218958073,0.01692372190448589,0.09984570111915722,0.1463779354850026
64.0,Male,Inc4,0.17256186418622518,0.02972460830462936,0.12678029208523622,0.20899981940171491
64.0,Male,Inc5,0.29764746982611906,0.1323035308292999,0.09545805311608091,0.5086613521066135
65.0,Male,Inc1,0.24829338787972471,0.1176863929938969,0.07305888233848461,0.42787180141246406
65.0,Male,Inc2,0.1550642684814344,0.034880019528565766,0.09919217476249767,0.19942583417628978
65.0,Male,Inc3,0.12527139253549555,0.016960547002200812,0.09835848841071182,0.14487421406517326
65.0,Male,Inc4,0.1727380159906117,0.02962288348573349,0.12722137158012614,0.20914172738580228
65.0,Male,Inc5,0.29863293511273364,0.1325119130520938,0.09571255701825032,0.5104103647475599
66.0,Male,Inc1,0.24740594577335714,0.11743794829041787,0.07261581188488452,0.42670219554335087
66.0,Male,Inc2,0.15482625794310304,0.03496710430158666,0.09834644952688935,0.19889401977022753
66.0,Male,Inc3,0.12523489528912543,0.01699845396110482,0.09861640995020862,0.1448762051018166
66.0,Male,Inc4,0.17291255635993322,0.02952158468319516,0.12747235546576885,0.20927983231446162
66.0,Male,Inc5,0.29962034463448123,0.13272023960906432,0.10547482216943382,0.5211872201578492
67.0,Male,Inc1,0.24652072171984923,0.1171898519671057,0.06889642633813528,0.42220599153853106
67.0,Male,Inc2,0.15458707824551524,0.03505384827933367,0.09787884935187101,0.19884467676273587
67.0,Male,Inc3,0.12519703170624305,0.017037429305976137,0.09820763452378115,0.14460615750628825
67.0,Male,Inc4,0.17308547753666464,0.02942072789261425,0.1270789279310407,0.2085937861219923
67.0,Male,Inc5,0.3006096907917278,0.13292850612931909,0.10601362441724693,0.5222309867126832
68.0,Male,Inc1,0.24563771977241008,0.11694210759253684,0.07075634415221937,0.42277360057165947
68.0,Male,Inc2,0.15434673908904586,0.03514024630753512,0.09803075950180422,0.1994220037181586
68.0,Male,Inc3,0.12515780341129534,0.017077459388767074,0.0988439531472397,0.14560294864277762
68.0,Male,Inc4,0.17325677182905233,0.02932032921608054,0.12757135613493242,0.20867387760196476
68.0,Male,Inc5,0.3016009658981964,0.13313670823270124,0.10655485119354058,0.5232745591636888
69.0,Male,Inc1,0.24475694389513347,0.11669471867838878,0.07039308986626323,0.4211045032086805
69.0,Male,Inc2,0.15410525020835014,0.03522629335277986,0.09760496077346253,0.19940582448961697
69.0,Male,Inc3,0.12511721210350368,0.017118530400929772,0.0990869567194054,0.14581748261399896
69.0,Male,Inc4,0.17342643161196863,0.029220404860113524,0.1279653463538114,0.20875228421262176
69.0,Male,Inc5,0.3025941621810441,0.13334484153007592,0.1070985100551991,0.5248064657325813
70.0,Male,Inc1,0.24387839796318098,0.11644768867961397,0.07086819501405714,0.4205025358390481
70.0,Male,Inc2,0.1538626213713821,0.03531198450048521,0.09720845994201356,0.19939756405894787
70.0,Male,Inc3,0.12507525955672666,0.017160628385593325,0.09902243776954278,0.1458593010604552
70.0,Male,Inc4,0.17359444932776308,0.029120971133495016,0.12835946468468873,0.2088290034462994
70.0,Male,Inc5,0.30358927178094725,0.13355290162361197,0.10764460854786195,0.5268281856029056
71.0,Male,Inc1,0.2430020857629727,0.11620102099462183,0.0696717476171305,0.4184088625739737
71.0,Male,Inc2,0.15361886237841157,0.035397314952887865,0.09679417610099732,0.19943234608276128
71.0,Male,Inc3,0.12503194761931213,0.01720373924957378,0.09818503561722236,0.1451742815199376
71.0,Male,Inc4,0.17376081748710903,0.029022044444990545,0.128728476428706,0.20890403284802278
71.0,Male,Inc5,0.3045862867521946,0.1337608841070591,0.08800255713202654,0.5082426552729495
72.0,Male,Inc1,0.24212801099238584,0.11595471896546833,0.06931364617612333,0.4175267631231246
72.0,Male,Inc2,0.15337398306104053,0.035482280027057736,0.09679425280250673,0.1997251704870432
72.0,Male,Inc3,0.12498727821393879,0.017247848775199866,0.09852323982434291,0.1456480480813594
72.0,Male,Inc4,0.17392552866984656,0.028923641300955823,0.1289799251952395,0.2089773700156708
72.0,Male,Inc5,0.3055851990627883,0.13396878456601988,0.08859768814155833,0.5099454283665519
73.0,Male,Inc1,0.24125617726096132,0.11570878587805353,0.06731872638634871,0.41423039309601345
73.0,Male,Inc2,0.15312799328121834,0.03556687515293578,0.0964131021689477,0.19973691736325316
73.0,Male,Inc3,0.1249412533374465,0.01729294263193842,0.09770828859618796,0.14485304652777403
73.0,Male,Inc4,0.1740885755258204,0.028825778302824127,0.1303608833843931,0.21013927533413995
73.0,Male,Inc5,0.30658600059455343,0.13417659857821684,0.08919645019126787,0.5116479707110397
74.0,Male,Inc1,0.24038658809011762,0.11546322496232647,0.06705905700512467,0.4127867546435141
74.0,Male,Inc2,0.15288090293025722,0.03565109587139572,0.09593801327282081,0.1996739923028258
74.0,Male,Inc3,0.12489387506065651,0.017339006387804647,0.09797956540256283,0.14505705583003486
74.0,Male,Inc4,0.17424995077571373,0.028728472144470805,0.1288576033208526,0.20831564622305815
74.0,Male,Inc5,0.30758868314325494,0.1343843217137545,0.1070039171603504,0.5304410104797134
75.0,Male,Inc1,0.2395192469133728,0.11521803939249738,0.06633173784203285,0.4111290026541114
75.0,Male,Inc2,0.15263272192784644,0.035734937832330387,0.0954793371387695,0.19961008921745022
75.0,Male,Inc3,0.12484514552818052,0.01738602552054356,0.09804222587011985,0.1452955598109843
75.0,Male,Inc4,0.17440964721187682,0.02863173960945071,0.1293928423301165,0.208343808957898
75.0,Male,Inc5,0.30859323841872344,0.1345919495353761,0.09040493469921518,0.5150522053304449
76.0,Male,Inc1,0.23865415707657353,0.11497323228725732,0.06583838003724081,0.4097004056150529
76.0,Male,Inc2,0.1523834602210676,0.03581839679276292,0.09501417955155413,0.19954520935139836
76.0,Male,Inc3,0.12479506695821943,0.017433985428570196,0.09787360827876079,0.14519678317460466
76.0,Male,Inc4,0.17456765769915092,0.02853559756810464,0.1299281958523142,0.20836699143520526
76.0,Male,Inc5,0.3095996580449885,0.13479947759871502,0.08522197471373105,0.5107904106049975
77.0,Male,Inc1,0.237791321838132,0.11472880671000465,0.06534843486675271,0.4084009171584096
77.0,Male,Inc2,0.15213312778340887,0.035901468614983056,0.09455018590416459,0.1995001048250717
77.0,Male,Inc3,0.12474364164235117,0.017482871441657218,0.0974583553078687,0.14503700740288705
77.0,Male,Inc4,0.1747239751756867,0.02844006297453075,0.1301188228545943,0.20838519148749407
77.0,Male,Inc5,0.3106079335604212,0.1350069014525409,0.08547762267626924,0.5117934875538022
78.0,Male,Inc1,0.23693074436926967,0.11448476566907859,0.06602965060558726,0.4090878161405293
78.0,Male,Inc2,0.15188173461378057,0.035984149264708935,0.09408736646361293,0.1994125243465245
78.0,Male,Inc3,0.12469087194530819,0.017532668831359864,0.09750757530036971,0.1450874619814186
78.0,Male,Inc4,0.17487859265375766,0.028345152863416778,0.1304899983575809,0.20839840741288335
78.0,Male,Inc5,0.3116180564178839,0.13521421663900035,0.08573396565506997,0.512796469529356
79.0,Male,Inc1,0.23607242775426876,0.1142411121179994,0.06685427757204285,0.4087550063446269
79.0,Male,Inc2,0.15162929073553044,0.0360664348092745,0.09344242407956597,0.19916021311952353
79.0,Male,Inc3,0.12463676030474409,0.017583362821169245,0.09728713676072642,0.14503164072915803
79.0,Male,Inc4,0.17503150322056776,0.028250884346729125,0.13074188574500245,0.20806887569906174
79.0,Male,Inc5,0.3126300179848889,0.13542141869385194,0.08599100510808066,0.5138194770876521
81.0,Male,Inc1,0.23436258898984164,0.11375497902685626,0.06526725295151523,0.4052318771832505
81.0,Male,Inc2,0.15112129106284286,0.03622980534964576,0.09291028943466635,0.1992207828373302
81.0,Male,Inc3,0.1245245213068005,0.017687381313707666,0.09714955876777343,0.14496713652733823
81.0,Male,Inc4,0.17533217634867854,0.028064340909992595,0.1311282038892465,0.207829045985236
81.0,Male,Inc5,0.31465942229183647,0.13583546552119732,0.0907794793356903,0.5208005854156201
82.0,Male,Inc1,0.2335110725766448,0.11351250512199261,0.06501494513674229,0.40352165429218156
82.0,Male,Inc2,0.150865755428441,0.036310882972248985,0.0935783307515621,0.20012105199565472
82.0,Male,Inc3,0.12446639918708836,0.017740676110523965,0.09695344096635006,0.1449640682511324
82.0,Male,Inc4,0.17547992546622634,0.027972100568388194,0.13127945284978249,0.20777069399218268
82.0,Male,Inc5,0.31567684734159945,0.13604230133530573,0.0914456842726119,0.5221980215766157
83.0,Male,Inc1,0.2326618284903202,0.11327042997790207,0.06461031593073355,0.40255958392267605
83.0,Male,Inc2,0.15060920940352648,0.03639155073984451,0.09325263934477009,0.20005864583917055
83.0,Male,Inc3,0.1244069455986501,0.01779480811391522,0.09676729152658037,0.14495714768197288
83.0,Male,Inc4,0.17562594078658106,0.027880570970411914,0.13589876866454864,0.2120667445393455
83.0,Male,Inc5,0.3166960757209222,0.13624900610146623,0.09211628296861263,0.5235951103477987
